recno,Cc,GRB,Nsp,Trig,Geo,Type,Inst,r_Inst,OObs,Det,Angle,z,n_z,r_z,f_z,t0,T100,t5,e_t5,T90,e_T90,t25,e_t25,T50,e_T50,tlagG2G1,e_tlagG2G1,tlagG3G1,e_tlagG3G1,tlagG3G2,e_tlagG3G2,Comm,S,e_S,E_S,Tp1024,f_Tp1024,Fp1024,e_Fp1024,E_Fp1024,Tp64,Fp64,e_Fp64,E_Fp64,Tp64r,Fp64r,e_Fp64r,E_Fp64r,Eiso,e_Eiso,Liso,e_Liso,Flim,Zmax,_RA,_DE
1, ,"970228 ",4,10681317,10681263,"II","BeppoSAX",1,"3","S1",79.1,0.695,s,2,"    ",-0.456,56.584,-0.002,0.024,53.442,2.891,0.592,0.048,39.28,2.556,,,,,,,"  ",8.07,0.41,0.49,0.118,1,2.24,0.34,0.43,0.106,4.59,0.78,0.8,0.118,4.12,0.64,0.66,12.01,0.93,9.6,1.5,0.92,1.32,75.44458,11.78139
2, ,"970828 ",4,63882357,63882157,"II","RXTEASM",3," ","S2",7.1,0.9578,s,4,"1   ",-4.248,94.936,0.864,0.112,66.208,2.781,7.68,0.161,17.792,0.31,,,,,,,"  ",101.8,3.6,3.5,20.416,,4.3,0.44,0.46,20.416,6.16,0.87,0.88,20.416,6.11,0.71,0.71,262.2,9.1,30.9,3.6,1.1,1.85,272.13167,59.31417
3, ,"971214 ",2,84052214,84051043,"II","BeppoSAX",1,"1,3","S2",33.9,3.418,s,5,"    ",-9.06,16.564,-9.06,2.082,15.892,2.133,-3.172,2.951,6.724,2.97,,,,,,,"  ",5.72,0.22,0.24,-0.28,,0.604,0.068,0.071,5.664,0.99,0.25,0.25,-0.28,0.69,0.11,0.12,146.3,6.1,78.0,13.0,0.44,4.05,179.11,65.20028
4,*,"990123 ",4,35234151,35235040,"II","BeppoSAX",1,"1,3","S2",29.9,1.6004,s,6,"    ",-17.312,111.2,1.6,0.161,62.016,1.179,7.904,0.072,26.336,0.757,0.68083,0.09106,0.61894,0.09899,0.16462,0.04956,"  ",310.6,7.8,8.0,5.984,,25.6,1.1,1.1,6.048,29.1,2.3,2.3,5.984,27.7,1.6,1.6,2133.0,54.0,490.0,29.0,3.1,5.04,231.37083,44.75
5, ,"990506 ",4,41010813,41011274,"II","BeppoSAX",1,"1,3","S1",65.1,1.30658,s,7,"1   ",-0.39,164.742,1.952,0.041,128.608,0.654,12.032,0.088,83.392,2.565,,,,,,,"  ",261.0,8.8,8.8,87.36,,9.32,0.46,0.47,90.048,13.8,1.1,1.1,87.36,12.13,0.68,0.69,1255.0,43.0,134.2,7.6,0.92,3.8,178.67083,-26.75
6,*,"990510 ",4,31750059,31750052,"II","BeppoSAX",1,"1,3","S1",28.7,1.6187,s,8,"    ",-0.32,69.568,0.688,0.186,55.888,8.108,38.976,1.735,5.76,1.745,,,,,,,"  ",21.72,0.82,0.89,44.544,,3.56,0.33,0.35,44.224,5.57,0.78,0.8,44.544,4.35,0.5,0.52,174.2,8.1,81.0,9.6,0.77,3.37,204.53183,-80.49689
7,*,"990705 ",4,57686864,57686352,"II","BeppoSAX",1,"3","S1",7.1,0.8424,s,9,"    ",-1.698,67.746,1.648,0.066,33.232,1.12,7.488,0.096,14.72,0.211,0.0526,0.01613,0.10271,0.06275,0.01641,0.01369,"  ",109.0,3.8,3.8,15.824,,4.8,0.42,0.44,15.856,8.92,0.96,0.96,15.824,8.36,0.76,0.76,218.1,7.7,30.7,2.8,0.84,2.02,77.47708,-72.13139
8,*,"990712 ",4,60186123,60183763,"II","BeppoSAX",1,"3","S1",33.2,0.4331,s,8,"    ",-1.637,18.821,-1.637,0.862,16.629,1.777,0.784,0.173,10.784,0.47,,,,,,,"  ",6.25,0.33,0.38,11.504,,0.802,0.087,0.118,11.456,1.1,0.17,0.17,11.504,1.05,0.14,0.14,3.86,0.28,1.2,0.18,1.1,0.5,337.97109,-73.40794
9, ,"991208 ",4,16613263,16613224,"II","IPN",10," ","S2",23.0,0.7055,s,11,"    ",-0.148,76.436,0.688,0.016,63.056,0.481,5.136,1.562,53.68,1.567,,,,,,,"  ",154.9,3.0,2.9,56.96,,18.59,0.53,0.55,56.96,22.0,1.1,1.1,56.96,21.88,0.86,0.87,233.4,4.6,53.2,2.1,0.61,3.3,248.47296,46.45597
10,*,"991216 ",4,58038085,58038535,"II","BeppoSAX",1,"1,3","S1",78.1,1.02,s,12,"    ",-17.477,44.629,0.672,0.032,14.528,0.14,3.264,0.025,4.704,0.154,,,,,,,"  ",297.0,3.7,3.8,3.952,,47.6,3.1,3.2,4.032,99.4,4.7,4.7,3.952,86.9,3.6,3.6,886.0,11.0,510.0,21.0,1.6,5.73,77.38041,11.28535
11, ,"000131 ",4,53955102,53954388,"II","IPN",13," ","S1",14.7,4.5,s,14,"    ",-77.719,105.735,-74.775,2.944,96.471,3.125,-18.839,12.138,27.719,12.28,,,,,,,"  ",45.3,1.3,1.3,2.672,,3.09,0.26,0.27,2.88,5.68,0.63,0.63,2.672,3.99,0.28,0.28,1817.0,56.0,859.0,60.0,0.67,8.48,93.3795,-51.94492
12, ,"000210 ",4,31445712,31446695,"II","BeppoSAX",1,"3","S1",41.6,0.8463,s,15,"1   ",-2.437,18.213,0.864,0.048,7.968,0.411,2.608,0.032,2.208,0.079,0.11998,0.02458,0.21753,0.03072,0.13234,0.01984,"  ",95.2,2.3,2.4,2.816,,29.5,1.5,1.5,2.8,41.5,2.7,2.7,2.816,39.4,2.3,2.3,193.1,4.8,146.1,8.5,1.2,4.35,29.8125,-40.66667
13,*,"000301C",2,35498569,35497589,"II","IPN+ASM",16," ","S2",40.1,2.0335,s,17,"    ",-0.346,4.522,-0.186,0.02,3.658,0.546,0.238,0.037,1.746,0.254,,,,,,,"  ",2.79,0.3,0.42,-0.134,,1.24,0.18,0.22,-0.054,1.91,0.39,0.44,-0.134,1.55,0.25,0.3,33.7,5.0,57.0,11.0,0.6,3.21,245.07708,29.44306
14,*,"000418 ",4,35589906,35588258,"II","IPN",18," ","S2",69.1,1.1181,s,7,"    ",-1.307,34.171,0.182,0.108,27.754,1.295,8.24,0.38,14.896,0.831,0.04807,0.05427,,,-0.03985,0.06847,"  ",21.93,0.8,0.88,18.656,,2.63,0.18,0.19,18.656,4.68,0.53,0.54,18.656,4.42,0.37,0.37,95.7,4.9,38.0,3.4,0.69,2.34,186.3375,20.08333
15, ,"000911 ",4,26125914,26128816,"II","IPN",19," ","S1",84.3,1.0585,s,20,"    ",-3.497,29.449,0.392,0.038,23.352,0.226,3.696,0.08,15.52,0.418,-0.00177,0.07708,0.01136,0.07421,0.02032,0.02526,"  ",208.4,6.5,6.5,3.808,,18.8,1.0,1.0,3.888,29.0,2.8,2.8,3.808,25.0,1.8,1.8,649.0,20.0,160.0,11.0,3.8,2.48,34.675,7.8
16,*,"000926 ",4,85773661,85772447,"II","IPN",21," ","S2",16.3,2.0369,s,22,"    ",-10.009,63.577,-10.009,2.082,54.681,9.471,1.408,0.264,21.456,0.313,,,,,,,"  ",21.01,0.55,0.58,22.864,,1.92,0.15,0.16,22.768,3.83,0.52,0.53,22.864,3.03,0.3,0.31,278.0,11.0,113.0,12.0,0.72,4.16,256.0625,51.76667
17,*,"010222 ",4,26591652,26592337,"II","BeppoSAX",1,"3","S2",34.5,1.4768,s,23,"    ",-98.212,172.58,-24.612,5.888,89.764,7.882,9.632,0.406,13.456,0.464,,,,,,,"  ",175.1,4.9,4.8,21.472,,10.34,0.81,0.84,21.44,16.8,1.4,1.4,21.472,15.8,1.0,1.0,1072.0,30.0,234.0,15.0,0.96,5.8,223.05229,43.01842
18,*,"010921 ",4,18957151,18956112,"II","BeppoSAX",1,"2,3","S2",44.6,0.45,s,24,"    ",-7.055,22.335,-7.055,2.082,19.791,2.409,0.544,0.255,7.264,0.468,,,,,,,"  ",14.66,0.44,0.49,0.976,,1.13,0.1,0.11,1.008,2.02,0.4,0.4,0.976,1.67,0.31,0.31,10.84,0.47,1.74,0.33,0.74,0.64,343.99958,40.93136
19,*,"011121 ",4,67633457,67633448,"II","BeppoSAX",1,"3","S1",25.7,0.36,s,25,"    ",-6.26,139.38,2.576,0.145,57.008,3.784,7.904,0.064,12.896,0.361,0.54061,0.11363,0.38595,0.20128,0.05531,0.10954,"  ",278.5,7.6,7.5,16.24,,11.23,0.7,0.76,16.272,28.2,2.2,2.3,16.24,27.0,1.9,2.0,98.9,2.7,13.29,0.95,1.5,1.14,173.61112,-76.02822
20,*,"020405 ",4,2499501,2497640,"II","BeppoSAX",1,"3","S1",71.9,0.6898,s,26,"    ",-3.409,67.665,1.024,0.186,41.536,2.029,10.112,0.507,18.736,0.561,0.37551,0.10586,,,0.34077,0.36754,"  ",83.7,1.2,1.2,14.576,,6.03,0.54,0.59,14.624,8.16,0.93,0.93,14.576,7.43,0.7,0.7,117.3,1.8,17.2,1.6,0.97,1.56,209.513,-31.37283
21,*,"020813 ",4,9880651,9880139,"II","HETE",27,"2","S1",91.6,1.254,s,28,"    ",-22.172,117.468,0.0,0.386,89.408,0.727,14.16,0.512,66.928,2.832,,,,,,," 1",173.0,10.0,11.0,87.296,,12.5,1.1,1.1,87.424,17.1,2.2,2.2,87.296,16.1,1.6,1.7,758.0,47.0,158.0,16.0,2.0,3.12,296.67447,-19.60134
22, ,"020819B",2,53859766,53858125,"II","HETE",27,"2","S2",81.0,0.411,s,29,"1,3 ",-3.123,8.499,-3.123,1.971,8.195,2.001,-0.08,0.106,3.104,0.857,,,,,,,"  ",6.68,0.52,0.65,-0.024,,2.24,0.34,0.43,0.736,3.97,0.81,0.87,-0.024,3.47,0.68,0.72,3.51,0.39,2.57,0.55,1.2,0.56,345.048,-43.011
23, ,"021211 ",2,40715206,40714494,"II","HETE",30,"2","S1",76.9,1.004,s,31,"    ",-0.5,2.084,-0.392,0.033,1.8,0.245,-0.108,0.051,0.86,0.092,0.10269,0.0722,,,,,"  ",2.62,0.23,0.26,0.576,,1.5,0.33,0.57,0.592,2.62,0.38,0.4,0.576,2.28,0.29,0.3,9.9,1.9,17.3,3.7,1.3,1.39,122.24941,6.72709
24,*,"030329 ",4,41849254,41846378,"II","HETE",27,"2","S2",77.5,0.16854,s,32,"    ",-12.708,69.668,1.28,0.064,21.808,1.147,3.392,0.032,11.168,0.052,0.21551,0.01577,0.33448,0.04594,0.11667,0.03767,"  ",187.3,2.7,2.6,3.424,,21.67,0.61,0.62,3.392,24.7,1.3,1.4,3.424,24.9,1.2,1.3,16.55,0.3,2.23,0.11,0.72,0.77,161.20846,21.52171
25, ,"040924 ",1,42735280,42732600,"II","HETE",33,"2","S2",87.0,0.859,s,34,"    ",-0.322,0.994,-0.25,0.019,0.794,0.092,-0.024,0.021,0.344,0.059,0.13104,0.02985,,,,,"  ",2.308,0.063,0.065,0.012,1,2.02,0.25,0.32,0.012,3.99,0.49,0.5,0.012,3.82,0.4,0.4,5.08,0.27,15.6,1.8,0.79,1.27,31.59383,16.14689
26,*,"041006 ",2,44323030,44319061,"II","HETE",35,"2","S2",94.3,0.716,s,36,"    ",-2.847,7.807,-2.847,1.804,6.847,1.984,-0.022,0.108,2.486,0.231,,,,,,,"  ",4.72,0.24,0.25,-0.05,,1.32,0.15,0.16,-0.05,2.27,0.48,0.48,-0.05,2.15,0.37,0.37,6.88,0.37,5.37,0.92,0.64,0.92,13.70904,1.23528
27,*,"050401 ",4,51611344,51609710,"II","SwiftBAT",37,"4","S2",66.2,2.8992,s,38,"2   ",-1.604,35.972,-0.16,0.118,33.056,0.683,4.944,0.097,25.792,0.201,,,,,,,"  ",23.2,1.02,0.98,30.432,,2.23,0.16,0.17,30.464,3.12,0.45,0.45,30.432,2.63,0.24,0.24,464.0,22.0,213.0,20.0,0.62,5.42,247.87017,2.18736
28,*,"050525A",4,176704,173543,"II","SwiftBAT",37,"4","S2",40.5,0.606,s,39,"    ",-0.138,10.25,0.196,0.011,7.052,0.189,1.024,0.016,4.736,0.09,,,,,,,"  ",24.62,0.45,0.44,0.912,,5.89,0.2,0.2,0.96,11.95,0.72,0.73,0.912,11.12,0.56,0.56,28.08,0.61,19.06,0.96,0.46,1.89,278.13567,26.33954
29, ,"050603 ",4,23340767,23342176,"II","SwiftBAT",37,"4","S1",51.6,2.821,s,40,"    ",-15.745,39.281,-0.45,2.496,11.202,3.502,1.216,0.217,2.32,0.232,0.03717,0.00738,0.06177,0.00842,0.02405,0.00752,"  ",51.2,3.6,3.1,3.104,,15.6,1.1,1.1,3.152,40.8,2.3,2.3,3.104,34.7,1.5,1.5,947.0,63.0,2450.0,100.0,1.2,12.53,39.98683,-25.18192
30,*,"050820A",4,23954512,23950966,"II","SwiftBAT",37,"4","S2",63.2,2.6147,s,41,"4   ",-265.21,484.858,-241.658,72.979,440.826,76.518,-20.858,4.655,167.29,6.905,,,,,,,"  ",60.5,1.5,2.0,0.284,,1.83,0.23,0.29,3.184,2.87,0.57,0.57,0.284,2.23,0.29,0.29,1036.0,36.0,138.0,18.0,1.0,4.12,337.40879,19.56031
31, ,"050922C",2,71754480,71750299,"II","SwiftBAT",37,"2,4","S2",82.7,2.198,s,42,"    ",-1.725,6.925,-1.725,0.92,6.253,1.473,-0.038,0.111,1.718,0.426,,,,,,,"  ",8.1,1.5,2.2,0.768,,2.91,0.75,1.05,0.326,6.0,1.9,2.5,0.768,4.8,1.3,1.9,102.0,24.0,194.0,66.0,1.8,3.07,317.3875,-8.75836
32, ,"051008 ",4,59600762,59603339,"II","SwiftBAT",37,"4","S2",43.1,2.77,p,43,"1,5 ",-25.158,248.39,-10.438,2.944,208.838,25.774,1.216,0.144,47.808,3.179,,,,,,,"  ",46.1,3.4,4.3,1.04,,4.26,0.32,0.35,1.072,6.09,0.87,0.88,1.04,4.81,0.47,0.48,834.0,70.0,326.0,32.0,1.2,6.23,202.86708,42.13472
33, ,"051022 ",4,47305298,47301749,"II","HETE",27,"2","S2",71.7,0.8,s,44,"    ",-2.06,194.572,2.624,0.072,153.792,2.211,64.96,0.516,46.912,1.415,,,,,,,"  ",260.8,5.2,5.5,91.968,,13.74,0.66,0.65,92.032,16.8,1.5,1.6,91.968,16.0,1.2,1.2,490.0,10.0,52.9,4.0,1.4,2.5,359.0175,19.60897
34, ,"051109A",3,4342541,4341735,"II","SwiftBAT",37,"4","S2",41.5,2.346,s,45,"    ",-2.324,41.428,-2.324,1.359,39.636,3.453,-0.184,0.162,20.904,5.71,,,,,,,"  ",4.72,0.38,0.46,-0.06,,0.69,0.13,0.17,0.062,1.36,0.38,0.4,-0.06,0.91,0.21,0.23,71.1,8.5,45.0,11.0,0.58,2.86,330.31383,40.82325
35,*,"051221A",4,6672976,6675938,"I ","SwiftBAT",37,"4","S2",62.3,0.5465,s,46,"    ",-0.096,0.446,-0.01,0.004,0.214,0.05,0.04,0.002,0.12,0.031,5.5E-4,0.00141,,,,,"  ",3.65,0.26,0.28,-0.036,1,4.1,0.52,0.61,0.0,23.3,2.7,2.8,-0.036,17.3,2.0,2.0,3.08,0.23,22.6,2.6,2.8,1.73,328.70261,16.89088
36, ,"060121 ",2,80700890,80696407,"II","HETE",47,"2","S2",62.1,4.6,p,48,"6,7 ",-0.512,2.08,-0.15,0.042,1.542,0.12,0.214,0.016,0.634,0.09,0.15357,0.0289,0.23422,0.07273,0.06147,0.04031,"  ",4.21,0.24,0.27,0.188,,2.94,0.24,0.27,0.504,4.63,0.52,0.54,0.188,4.08,0.31,0.33,180.0,12.0,976.0,80.0,0.55,10.04,137.46637,45.66261
37, ,"060124 ",4,57853894,57850869,"II","SwiftBAT",37,"4","S2",43.4,2.3,s,49,"    ",-220.518,276.838,-202.854,7.506,238.118,19.108,-26.214,15.155,39.782,15.187,,,,,,,"  ",23.7,0.94,1.07,11.376,,2.44,0.18,0.2,11.488,3.18,0.5,0.5,11.376,2.84,0.29,0.3,328.0,15.0,127.0,13.0,0.71,4.75,77.10792,69.74083
38, ,"060502A",4,11013119,11012793,"II","SwiftBAT",37,"4","S2",11.4,1.5026,s,49,"    ",-4.509,10.973,-4.509,2.082,10.573,2.217,-1.565,2.279,4.525,2.423,,,,,,,"  ",3.4,0.3,0.37,-0.128,,0.556,0.093,0.104,-0.148,1.44,0.36,0.37,-0.128,0.94,0.21,0.22,23.4,2.9,15.3,3.6,0.54,1.58,240.927,66.60069
39,*,"060614 ",4,45831590,45827332,"II","SwiftBAT",37,"4","S1",54.4,0.1254,s,50,"8   ",-0.3,165.164,0.512,0.072,123.648,18.944,11.936,0.68,49.12,4.809,0.00371,0.01879,,,,,"  ",47.0,2.0,2.6,0.032,1,1.74,0.28,0.36,0.032,6.6,1.1,1.3,0.032,6.3,1.1,1.2,2.71,0.16,0.294,0.055,0.8,0.23,320.88392,-53.02669
40, ,"060814 ",4,82954447,82954295,"II","SwiftBAT",37,"4","S2",55.3,1.9229,s,51,"1   ",-18.212,199.972,-15.268,2.944,145.828,26.524,-3.492,3.111,60.068,3.32,,,,,,,"  ",40.0,1.3,1.7,0.928,,2.09,0.16,0.17,0.482,2.93,0.44,0.44,0.928,2.49,0.28,0.29,414.0,25.0,72.0,8.3,0.66,3.49,221.3395,20.58661
41, ,"060912A",1,50157788,50154482,"II","SwiftBAT",37,"4","S2",72.9,0.937,s,52,"    ",-0.506,5.45,-0.378,0.029,4.858,0.959,0.036,0.051,1.724,0.419,,,,,,,"  ",3.82,0.57,1.13,-0.306,1,1.67,0.39,0.62,-0.244,2.83,0.77,1.19,-0.306,2.42,0.59,0.98,11.7,3.3,14.3,5.3,1.1,1.3,5.28379,20.97192
42, ,"061006 ",4,60326896,60327817,"I ","SwiftBAT",37,"4","S1",13.9,0.4377,s,53,"9   ",-0.054,0.55,-0.03,0.004,0.376,0.062,0.036,0.004,0.212,0.045,0.00517,0.01338,,,,,"  ",3.94,0.26,0.27,0.022,1,4.54,0.49,0.54,0.032,20.6,2.2,2.2,0.022,20.2,2.0,2.1,2.06,0.14,15.1,1.5,3.4,0.99,111.03192,-79.19864
43, ,"061007 ",4,36489344,36487767,"II","SwiftBAT",37,"4","S1",27.0,1.2622,s,49,"    ",-3.541,90.325,4.528,0.216,57.552,0.514,32.608,0.088,20.832,0.278,,,,,,,"  ",253.6,9.1,9.3,39.488,,13.35,0.89,0.88,39.488,19.8,1.8,1.8,39.488,15.5,1.2,1.2,1113.0,40.0,153.0,12.0,1.1,4.0,46.33129,-50.50069
44, ,"061021 ",4,56348304,56349770,"II","SwiftBAT",37,"4","S1",56.4,0.3453,s,54,"    ",-4.052,25.556,-4.052,2.082,18.676,5.427,0.43,0.078,3.778,0.57,0.18604,0.12063,,,0.14746,0.08701,"  ",13.6,2.1,3.0,0.344,,4.03,0.48,0.58,0.344,5.5,1.0,1.1,0.344,5.41,0.91,1.02,4.53,0.88,2.37,0.42,1.1,0.64,145.1505,-21.9515
45,*,"061121 ",4,55412445,55410905,"II","SwiftBAT",37,"4","S1",65.2,1.3145,s,49,"    ",-3.478,37.718,0.72,0.186,17.76,1.452,6.816,0.088,6.352,0.105,0.10949,0.0423,0.13596,0.07713,-0.00294,0.02951,"  ",61.6,2.2,2.3,12.912,,13.36,0.62,0.66,12.96,23.2,1.7,1.7,12.912,20.0,1.2,1.2,304.0,11.0,226.0,14.0,1.2,5.28,147.22737,-13.19519
46, ,"061201 ",2,57514558,57516886,"I ","SwiftBAT",37,"4","S1",33.4,0.111,s,55,"    ",-0.05,0.61,-0.036,0.006,0.58,0.013,0.158,0.025,0.342,0.027,,,,,0.00215,0.00548,"  ",5.47,0.9,0.97,0.488,,5.6,1.1,1.3,0.492,22.9,4.4,4.7,0.488,22.7,4.4,4.7,0.168,0.029,0.78,0.16,4.2,0.2,332.13358,-74.57997
47, ,"061222A",4,12614682,12613937,"II","SwiftBAT",37,"4","S2",47.6,2.088,s,56,"1   ",-57.298,70.338,-51.41,4.655,60.162,4.778,-7.25,2.944,12.61,2.949,,,,,,,"  ",23.16,0.58,0.6,6.544,,3.06,0.18,0.19,6.672,5.08,0.6,0.61,6.544,4.46,0.35,0.36,259.9,6.8,153.0,12.0,0.69,4.62,358.26425,46.53294
48,*,"070125 ",4,26450853,26445664,"II","IPN+BAT",57," ","S2",80.0,1.547,s,58,"    ",-2.362,205.37,1.744,0.088,124.208,15.65,8.816,0.416,33.552,0.447,,,,,,,"  ",195.8,9.7,9.8,41.408,,12.9,1.3,1.3,41.472,20.1,2.6,2.5,41.408,17.6,2.0,1.9,1278.0,64.0,292.0,33.0,1.4,4.57,117.82417,31.15133
49, ,"070328 ",4,14029993,14032064,"II","SwiftBAT",37,"4","S1",35.6,2.0627,s,54,"    ",-6.31,94.246,-3.366,3.008,53.798,12.901,2.992,0.16,16.88,0.454,,,,,,,"  ",72.0,7.8,8.0,1.856,,5.4,0.58,0.58,2.24,7.6,1.5,1.5,1.856,6.6,1.0,1.0,777.0,85.0,217.0,34.0,1.7,3.66,65.11533,-34.06683
50, ,"070508 ",4,15502779,15500346,"II","SwiftBAT",37,"4","S1",32.9,0.82,s,59,"2   ",-7.033,32.073,-0.19,0.684,14.75,1.115,3.952,0.101,6.24,0.152,0.03627,0.01466,0.02457,0.09173,-0.02095,0.02152,"  ",41.25,0.62,0.63,4.224,,6.7,0.19,0.19,8.832,9.03,0.67,0.67,4.224,7.97,0.45,0.46,79.8,1.2,27.9,1.6,0.56,2.29,312.79921,-78.38469
51, ,"070521 ",4,24691587,24688779,"II","SwiftBAT",37,"4","S2",39.9,1.7,p,60,"1,10",-18.36,36.888,-15.416,6.583,31.784,6.818,0.816,0.29,7.488,0.331,,,,,,,"  ",18.76,0.56,0.58,5.312,,1.94,0.12,0.13,5.312,4.43,0.51,0.51,5.312,3.52,0.3,0.3,147.5,4.6,72.9,6.2,0.56,3.06,242.66083,30.25631
52, ,"070714B",1,17965178,17969705,"I ","SwiftBAT",37,"4","S1",97.9,0.923,s,61,"    ",-0.248,1.336,-0.216,0.009,1.256,0.171,-0.034,0.01,0.492,0.175,,,,,,,"  ",2.71,0.38,0.54,-0.072,,2.3,0.38,0.5,-0.048,13.8,2.4,3.1,-0.072,9.9,1.6,2.1,6.4,1.1,45.2,8.7,4.2,1.29,57.84292,28.29758
53, ,"071003 ",4,27655120,27653830,"II","SwiftBAT",37,"4","S2",59.6,1.60435,s,62,"    ",-4.421,31.813,0.0,0.088,21.36,1.024,2.496,0.048,8.128,0.26,,,,,,,"  ",55.8,2.5,2.7,2.464,,7.11,0.39,0.4,2.464,13.2,1.3,1.3,2.464,11.16,0.82,0.83,385.0,18.0,199.0,15.0,1.5,3.85,301.85208,10.94689
54,*,"071010B",2,74748490,74749125,"II","SwiftBAT",37,"4","S2",58.6,0.947,s,63,"    ",-2.043,8.971,-2.043,1.163,8.523,1.266,0.274,0.192,3.918,0.437,,,,,,,"  ",5.09,0.34,0.34,1.68,,0.855,0.091,0.102,1.68,1.37,0.24,0.24,1.68,1.19,0.17,0.17,14.5,1.3,6.6,1.1,0.9,1.04,150.53833,45.73117
55, ,"071020 ",2,25346637,25344778,"II","SwiftBAT",37,"4","S2",78.0,2.1462,s,49,"    ",-0.448,3.232,-0.104,0.03,2.728,0.073,0.64,0.072,1.696,0.082,,,,,,,"  ",7.31,0.56,0.63,2.272,,3.25,0.29,0.33,2.416,6.21,0.81,0.84,2.272,5.65,0.56,0.6,85.0,6.9,207.0,21.0,0.83,4.53,119.66521,32.86078
56, ,"071112C",2,66782583,66778044,"II","SwiftBAT",64,"4","S1",102.4,0.8227,s,49,"    ",-0.687,6.367,-0.496,0.139,5.248,0.826,0.068,0.086,2.924,0.292,,,,,,,"  ",6.02,0.83,1.11,-0.12,,2.11,0.39,0.49,-0.424,3.8,1.0,1.1,-0.12,3.22,0.76,0.88,11.8,1.9,11.4,3.0,1.2,1.07,39.21204,28.37136
57, ,"071117 ",2,53404535,53406512,"II","SwiftBAT",37,"4","S1",41.8,1.3308,s,49,"    ",-0.132,2.852,-0.016,0.01,2.272,0.354,0.178,0.013,0.798,0.067,0.57363,0.06101,0.89089,0.0669,,,"  ",6.78,0.53,0.42,0.068,,4.6,0.47,0.64,0.162,8.2,1.01,0.92,0.068,7.47,0.77,0.67,37.6,3.1,97.0,10.0,0.9,3.79,335.04333,-63.4435
58, ,"071227 ",1,72828722,72827668,"I ","SwiftBAT",37,"4","S1",18.3,0.384,s,65,"    ",-0.5,0.758,-0.47,0.013,0.714,0.059,-0.378,0.016,0.374,0.113,,,,,,,"  ",1.47,0.057,0.061,-0.458,1,1.25,0.24,0.28,-0.13,4.2,1.0,1.0,-0.458,3.64,0.86,0.89,0.591,0.025,2.03,0.49,2.8,0.38,58.12954,-55.98425
59,*,"080319B",4,22370339,22367321,"II","SwiftBAT",37,"4","S2",42.3,0.9382,s,49,"    ",-1.518,201.966,5.424,0.082,44.56,0.522,14.752,0.064,23.584,0.202,2.4953,0.13382,5.10649,0.11039,0.11712,0.01832,"  ",635.0,7.8,7.8,19.152,,21.06,0.44,0.45,19.216,26.2,1.5,1.5,19.152,24.8,1.1,1.1,1567.0,19.0,118.3,5.1,1.3,3.74,217.921,36.30256
60, ,"080319C",4,44757938,44757035,"II","SwiftBAT",37,"4","S2",12.3,1.9492,s,49,"2   ",-0.482,12.706,-0.114,0.031,10.226,0.641,0.896,0.066,6.432,0.472,0.00952,0.11237,0.12175,0.11961,0.07892,0.05734,"  ",15.5,1.5,1.8,0.004,,3.18,0.34,0.39,0.006,4.61,0.79,0.83,0.004,3.72,0.5,0.54,155.0,16.0,110.0,15.0,1.1,3.63,258.98117,55.39214
61, ,"080411 ",4,76532496,76532853,"II","SwiftBAT",37,"4","S1",18.6,1.0301,s,49,"    ",-0.508,58.556,0.928,0.08,42.848,0.81,11.04,0.416,29.024,0.436,,,,,,,"  ",70.6,2.0,2.2,17.936,,13.05,0.79,0.82,17.936,17.1,1.3,1.3,17.936,15.49,0.86,0.86,238.5,7.7,93.9,5.2,1.0,3.04,37.97842,-71.30208
62, ,"080413A",3,10463605,10461182,"II","SwiftBAT",37,"4","S2",95.1,2.433,s,49,"    ",-2.438,18.438,-2.438,1.481,17.846,1.601,0.116,0.129,13.788,0.884,,,,,,,"  ",4.92,0.69,0.93,-0.2,,1.04,0.3,0.57,0.08,2.11,0.66,0.84,-0.2,1.47,0.4,0.54,72.0,12.0,77.0,26.0,0.85,3.04,287.29887,-27.67767
63, ,"080413B",1,31871831,31872288,"II","SwiftBAT",37,"4","S2",96.0,1.1014,s,49,"    ",-0.416,3.184,-0.276,0.034,2.692,0.371,0.142,0.064,1.282,0.225,,,,,,,"  ",6.9,0.59,0.6,-0.13,,2.97,0.42,0.49,-0.076,6.8,1.4,1.4,-0.13,5.59,0.95,0.95,33.3,6.1,57.0,13.0,2.7,1.5,326.14425,-19.98089
64, ,"080514B",2,35758672,35757137,"II","SuperAGILE+IPN",66,"4","S2",75.4,1.8,p,67,"    ",-0.428,8.284,0.346,0.047,5.718,0.086,1.824,0.048,3.632,0.07,,,,,,,"  ",33.7,1.5,1.5,5.488,,10.44,0.65,0.67,3.296,16.1,1.3,1.3,5.488,13.74,0.84,0.84,286.0,13.0,327.0,20.0,0.9,4.87,322.84421,0.70842
65, ,"080602 ",1,5486229,5488289,"II","SwiftBAT",37,"4","S1",74.0,1.8204,s,54,"    ",-61.7,65.396,-61.7,2.082,64.996,2.458,-55.812,4.655,56.126,4.749,,,,,,,"  ",9.14,0.66,2.12,1.28,1,1.41,0.35,1.04,-0.224,3.05,0.94,2.3,1.28,1.99,0.56,1.48,80.0,14.0,49.0,28.0,0.95,2.3,19.17575,-9.23206
66, ,"080603B",4,70692383,70694633,"II","SwiftBAT",37,"4","S2",32.6,2.6892,s,49,"    ",-0.508,13.884,-0.254,0.035,12.558,1.157,0.476,0.076,7.956,0.683,,,,,,,"  ",5.14,0.61,0.76,0.64,,1.32,0.17,0.2,0.704,2.09,0.44,0.45,0.64,1.59,0.25,0.26,100.0,17.0,103.0,16.0,0.58,3.85,176.53108,68.06069
67, ,"080605 ",4,85682336,85677581,"II","SwiftBAT",37,"4","S2",62.8,1.6403,s,49,"2   ",-5.806,20.478,-2.862,2.756,13.742,2.796,3.136,0.2,6.224,0.222,,,,,,,"  ",32.87,0.63,0.64,7.84,,8.95,0.84,0.92,7.952,16.7,1.3,1.3,7.84,14.88,0.9,0.9,240.1,4.7,284.0,17.0,0.89,5.14,262.12517,4.01581
68, ,"080607 ",4,22043336,22042085,"II","SwiftBAT",37,"4","S2",69.5,3.0363,s,68,"2   ",-3.296,47.008,1.856,0.101,28.736,3.452,5.856,0.032,5.552,0.086,,,,,,,"  ",103.8,2.9,2.8,7.056,,12.5,1.2,1.3,7.232,24.8,1.9,1.9,7.056,21.1,1.3,1.3,2171.0,60.0,1770.0,110.0,1.2,10.2,194.94642,15.91933
69, ,"080721 ",4,37510927,37507575,"II","SwiftBAT",37,"4","S2",85.0,2.591,s,69,"    ",-1.542,29.27,0.864,0.096,19.744,1.969,8.464,0.064,6.336,0.097,,,,,,,"  ",93.8,3.9,3.9,9.44,,16.3,1.3,1.3,9.648,23.7,2.2,2.2,9.44,21.2,1.4,1.4,1509.0,63.0,1216.0,82.0,2.0,7.91,224.48233,-11.72358
70, ,"080916C",4,764632,766223,"II","FermiLAT",70,"5,6","S1",17.1,4.35,p,71,"11  ",-1.488,85.968,0.864,0.057,61.28,2.047,5.728,0.177,31.072,0.696,0.2361,0.10529,0.21912,0.39839,-0.05257,0.11401,"  ",129.0,10.0,10.0,3.168,,8.66,0.69,0.69,3.36,13.3,1.8,1.8,3.168,10.45,0.94,0.94,4820.0,390.0,2060.0,190.0,1.9,10.3,119.84683,-56.638
71, ,"080916A",4,35121715,35119813,"II","SwiftBAT",37,"4,5","S1",47.0,0.6887,s,49,"    ",-2.094,23.598,-2.094,1.196,6.574,1.482,-0.086,0.121,2.23,0.29,,,,,,,"  ",5.99,0.44,0.48,0.164,,0.812,0.094,0.1,0.164,1.41,0.34,0.34,0.164,1.19,0.25,0.26,8.49,0.7,2.73,0.58,0.53,0.84,336.28875,-57.02603
72, ,"081121 ",2,74131435,74130430,"II","SwiftBAT",37,"4,5","S1",5.9,2.512,s,72,"    ",-5.889,23.249,-2.945,2.839,19.441,2.923,3.136,0.376,9.296,1.181,,,,,,,"  ",15.25,0.61,0.67,16.368,,1.57,0.12,0.13,14.864,2.99,0.48,0.48,16.368,2.12,0.24,0.24,235.2,9.9,115.0,13.0,0.64,3.83,89.28208,-60.61169
73, ,"081203A",4,49890368,49891069,"II","SwiftBAT",37,"4","S2",15.6,2.05,s,73,"    ",260.608,212.992,,,,,,,,,,,,,,," 2",25.5,5.6,10.7,367.104,,0.312,0.042,0.062,367.104,0.313,0.041,0.056,367.104,0.313,0.041,0.056,285.0,96.0,10.7,1.7,,,233.03167,63.52083
74, ,"081221 ",4,58874915,58873479,"II","SwiftBAT",37,"4,5","S1",61.3,2.26,s,74,"    ",-2.572,35.98,0.224,0.333,29.2,0.964,17.712,0.2,6.56,0.472,0.87503,0.13004,,,,,"  ",27.82,0.54,0.55,20.112,,2.43,0.12,0.12,20.176,3.62,0.47,0.47,20.112,2.73,0.23,0.23,397.0,10.0,116.7,9.9,0.63,3.61,15.7925,-24.54806
75, ,"081222 ",4,17642534,17641179,"II","SwiftBAT",37,"4,5","S1",50.1,2.77,s,75,"    ",-3.348,13.364,-3.348,2.1,11.972,2.31,0.976,0.129,3.808,0.232,0.30633,0.13881,,,,,"  ",9.64,0.59,0.67,2.608,,1.59,0.13,0.14,0.392,2.72,0.47,0.47,2.608,1.91,0.22,0.23,178.0,12.0,134.0,16.0,0.63,4.39,22.74067,-34.09556
76, ,"090102 ",4,10536283,10532211,"II","SwiftBAT",37,"4,5","S2",76.2,1.547,s,76,"    ",-0.488,18.76,0.4,0.068,15.264,0.689,3.984,0.096,9.408,0.168,,,,,,,"  ",30.8,1.5,1.6,12.016,,3.03,0.21,0.22,12.016,6.32,0.77,0.78,12.016,5.34,0.48,0.49,200.0,10.0,87.4,8.0,0.9,2.85,128.24792,33.10714
77, ,"090201 ",4,64020275,64018787,"II","SwiftBAT",37,"4","S1",20.0,2.1,s,54,"    ",-14.046,98.782,-2.27,2.559,67.294,4.124,8.624,0.443,37.008,0.546,,,,,,,"  ",82.8,2.4,2.3,11.712,,4.27,0.18,0.18,11.728,6.99,0.64,0.64,11.712,5.96,0.36,0.36,955.0,28.0,206.0,12.0,0.56,4.86,92.05125,-46.60447
78, ,"090323 ",4,174632,170491,"II","FermiLAT",70,"5,6","S2",70.1,3.6,s,77,"    ",-8.5,191.284,0.896,0.274,132.992,1.642,21.776,1.129,42.288,1.707,,,,,,,"  ",210.0,16.0,16.0,58.304,,5.19,0.44,0.46,58.304,7.6,1.1,1.1,58.304,6.1,0.61,0.63,5810.0,440.0,770.0,78.0,1.4,7.05,190.7095,17.05331
79,*,"090328 ",4,34609486,34610556,"II","FermiLAT",70,"5,6","S1",24.6,0.736,s,78,"    ",-0.506,69.05,0.704,0.048,52.8,3.645,7.568,0.256,12.848,0.291,,,,,,,"  ",70.8,4.9,5.7,20.256,,7.88,0.7,0.66,20.064,13.0,1.6,1.6,20.256,12.9,1.4,1.3,108.7,8.2,34.0,3.5,1.6,1.8,90.66537,-41.88197
80, ,"090424 ",4,51131725,51128925,"II","SwiftBAT",37,"4,5","S2",70.8,0.544,s,79,"    ",-0.372,8.164,0.326,0.015,4.298,0.059,1.008,0.032,2.912,0.041,,,,,,,"  ",45.94,0.79,0.78,3.872,,8.66,0.44,0.47,3.92,27.2,1.4,1.4,3.872,25.4,1.1,1.1,38.9,0.7,32.6,1.4,0.71,1.75,189.53083,16.82942
81, ,"090510 ",4,1381547,1380536,"I ","SwiftBAT",37,"4,5,6","S1",75.4,0.903,s,80,"    ",-0.058,2.282,-0.016,0.003,1.76,0.703,0.026,0.005,0.228,0.045,,,,,0.00256,0.00217,"  ",25.1,1.6,1.6,-0.004,1,22.2,2.2,2.2,-0.02,127.0,15.0,15.0,-0.004,95.0,11.0,11.0,57.1,3.7,409.0,46.0,25.0,2.06,333.5525,-26.59753
82,*,"090618 ",4,30504974,30506755,"II","SwiftBAT",37,"4,5","S2",13.6,0.54,s,81,"    ",-1.977,140.217,6.784,0.216,104.32,1.047,62.208,0.128,20.992,0.317,,,,,,,"  ",290.9,5.4,5.3,63.296,,19.2,1.6,1.6,63.36,21.8,1.5,1.5,63.296,21.2,1.1,1.1,252.9,4.9,26.6,1.4,1.2,2.05,294.0075,78.35197
83, ,"090709A",4,27514965,27514873,"II","SwiftBAT",37,"4","S2",10.5,1.8,p,60,"1,12",-4.266,97.386,2.4,0.445,77.344,2.229,23.808,0.154,26.816,0.628,,,,,,,"  ",77.2,1.4,1.4,23.84,,2.99,0.19,0.2,23.856,4.52,0.59,0.6,23.84,3.79,0.35,0.36,665.0,12.0,90.7,8.6,0.75,3.86,289.94458,60.728
84, ,"090715B",4,75799008,75798138,"II","SwiftBAT",37,"4","S2",23.9,3.0,s,82,"    ",-6.634,74.986,-6.634,2.082,71.338,6.657,0.218,0.259,9.718,2.706,,,,,,,"  ",9.18,0.69,0.8,1.2,,0.814,0.084,0.087,1.296,1.27,0.32,0.32,1.2,0.98,0.15,0.16,205.0,19.0,83.0,13.0,0.51,3.76,251.33992,44.83892
85, ,"090812 ",2,21758942,21755958,"II","SwiftBAT",37,"4","S1",83.0,2.452,s,83,"    ",-33.734,39.03,-30.79,2.944,32.79,3.493,-21.958,2.944,20.608,3.709,,,,,,,"  ",18.49,0.52,0.56,0.054,,1.83,0.41,0.68,0.224,3.06,0.79,0.81,0.054,2.48,0.51,0.53,271.8,9.7,126.0,26.0,1.1,3.5,353.20208,-10.60472
86,*,"090926A",4,15628683,15627945,"II","FermiLAT",70,"5,6","S1",36.0,2.1062,s,84,"    ",-1.381,48.549,1.248,0.032,13.2,0.538,3.12,0.032,6.08,0.088,0.2595,0.02446,0.59304,0.04962,0.32906,0.0453,"  ",187.3,4.6,4.7,3.168,,23.97,0.89,0.9,3.168,28.0,1.8,1.8,3.168,27.1,1.3,1.3,2111.0,53.0,941.0,45.0,0.9,8.25,353.40075,-66.32386
87, ,"091003 ",4,16543801,16545946,"II","FermiLAT",70,"5,6","S2",31.3,0.8969,s,85,"    ",-0.478,25.902,0.512,0.093,20.144,0.3,4.88,0.101,13.776,0.109,,,,,,,"  ",35.4,1.2,1.2,18.512,,8.03,0.36,0.39,18.576,14.6,1.0,1.0,18.512,14.4,0.81,0.83,81.7,2.7,62.8,3.6,0.7,3.21,251.5195,36.6253
88, ,"091020 ",2,77804860,77805632,"II","SwiftBAT",64,"4,5","S2",46.1,1.71,s,86,"    ",-2.913,34.321,-2.913,1.808,29.217,5.22,0.592,0.176,7.744,1.179,,,,,,,"  ",11.21,0.88,0.53,0.736,,1.5,0.25,0.43,1.152,2.5,0.63,0.56,0.736,1.93,0.4,0.34,98.4,8.6,46.0,9.2,1.0,2.42,175.73,50.97833
89, ,"091117A",4,63869513,63865673,"I ","SwiftBAT",87,"4","S1",62.4,0.096,s,88,"    ",-0.108,0.354,-0.07,0.008,0.26,0.054,-0.01,0.006,0.1,0.023,,,,,-0.00324,0.01014,"  ",1.82,0.23,0.27,-0.02,1,2.07,0.49,0.6,-0.02,12.8,2.9,3.0,-0.02,12.6,2.9,2.9,0.0418,0.0058,0.318,0.073,4.2,0.16,30.94542,-16.94389
90,*,"091127 ",4,84349449,84345602,"II","SwiftBAT",64,"4,5","S1",58.5,0.49034,s,89,"    ",-0.2,7.736,0.054,0.023,4.842,1.706,0.424,0.023,1.208,0.068,0.00333,0.00969,,,,,"  ",14.78,0.49,0.38,0.256,,9.5,1.3,1.4,0.256,9.6,1.1,1.2,0.256,9.6,1.1,1.2,15.94,0.96,11.4,1.5,0.98,1.27,36.58279,-18.95239
91, ,"100206A",1,48606775,48605433,"I ","SwiftBAT",64,"4,5","S1",85.7,0.41,s,90,"    ",-0.068,0.124,-0.052,0.01,0.1,0.014,-0.024,0.005,0.052,0.014,,,,,,,"  ",1.13,0.13,0.19,-0.034,,1.33,0.22,0.27,-0.03,11.7,1.8,2.2,-0.034,11.0,1.6,2.0,0.506,0.073,6.9,1.2,3.3,0.62,47.16225,13.15708
92, ,"100414A",4,8427289,8423328,"II","FermiLAT",70,"4,5,6","S2",77.2,1.368,s,91,"    ",-3.679,61.791,1.36,0.072,21.728,0.529,6.88,0.145,12.48,0.241,0.14636,0.12005,0.55174,0.38488,0.22307,0.0962,"  ",105.1,2.1,2.1,22.528,,7.49,0.4,0.42,22.64,10.5,1.1,1.1,22.528,9.79,0.76,0.77,535.0,11.0,118.6,9.3,1.3,3.5,192.125,8.69306
93, ,"100606A",4,69163712,69162046,"II","SwiftBAT",64,"4","S1",35.6,1.5545,s,54,"    ",-0.476,74.46,0.212,0.036,59.052,8.031,3.024,0.145,23.84,2.722,,,,,,,"  ",45.1,3.6,3.5,0.254,,3.8,0.35,0.38,0.314,7.6,1.0,1.0,0.254,5.92,0.63,0.63,294.0,23.0,98.0,10.0,1.2,2.9,350.62704,-66.24128
94, ,"100621A",4,11013352,11010209,"II","SwiftBAT",64,"4","S1",57.4,0.542,s,92,"    ",-4.507,65.883,-0.312,0.898,46.264,8.21,8.96,0.779,19.152,0.877,1.13119,1.1349,,,,,"  ",40.6,1.5,1.7,25.984,,1.85,0.15,0.16,27.536,2.86,0.54,0.54,25.984,2.47,0.39,0.4,44.5,2.2,3.66,0.59,0.88,0.81,315.30467,-51.10625
95, ,"100728A",4,8300008,8304502,"II","SwiftBAT",64,"4,5,6","S1",51.3,1.567,s,93,"    ",-54.598,185.158,-39.878,2.944,159.942,5.204,8.4,0.72,49.008,1.007,,,,,,,"  ",173.0,10.0,11.0,27.536,,3.15,0.19,0.2,27.552,4.77,0.67,0.67,27.536,3.96,0.4,0.4,1140.0,68.0,66.9,6.7,0.82,2.92,88.75829,-15.25558
96, ,"100814A",4,13811288,13809556,"II","SwiftBAT",64,"4,5","S1",64.7,1.44,s,94,"    ",-1.986,151.234,-1.986,1.189,148.418,43.318,2.992,0.362,62.544,33.221,,,,,,,"  ",13.26,0.95,1.03,1.936,,0.678,0.071,0.071,2.032,1.27,0.3,0.3,1.936,0.95,0.18,0.18,75.9,5.8,12.9,2.4,0.47,1.64,22.47337,-17.99544
97, ,"100816A",2,2273983,2271215,"II","SwiftBAT",64,"4,5","S2",62.5,0.8049,s,95,"    ",-0.314,2.698,-0.196,0.021,2.036,0.355,0.224,0.037,0.96,0.096,0.00175,0.03907,,,,,"  ",3.56,0.24,0.27,0.12,,1.99,0.2,0.23,0.162,3.13,0.49,0.51,0.12,2.59,0.36,0.37,6.87,0.54,9.0,1.3,0.59,1.4,351.73983,26.5785
98, ,"100906A",4,49770732,49768387,"II","SwiftBAT",64,"4,5","S2",49.5,1.727,s,96,"    ",-0.663,113.303,0.294,0.053,90.138,14.084,3.904,0.195,8.512,0.646,,,,,,,"  ",26.0,2.2,2.9,9.824,,2.93,0.31,0.31,9.808,4.3,0.68,0.68,9.824,3.89,0.42,0.42,249.0,27.0,86.3,9.4,0.91,3.11,28.68413,55.6305
99, ,"101213A",2,38958472,38962676,"II","SwiftBAT",64,"4,5","S2",48.2,0.414,s,97,"    ",-3.518,36.142,-3.518,2.217,30.542,4.622,1.696,0.386,14.448,0.977,,,,,,,"  ",11.23,0.76,0.89,-0.044,,0.683,0.094,0.1,0.008,1.69,0.39,0.4,-0.044,1.46,0.32,0.32,5.37,0.4,0.99,0.22,0.58,0.47,241.31362,21.89739
100, ,"101219A",2,9094716,9089786,"I ","SwiftBAT",64,"4","S1",64.9,0.718,s,98,"    ",-0.044,0.588,-0.024,0.006,0.508,0.041,0.038,0.006,0.222,0.052,,,,,,,"  ",4.53,0.25,0.26,-0.042,1,4.48,0.43,0.45,0.004,18.4,2.0,2.1,-0.042,15.9,1.7,1.7,6.51,0.36,39.2,4.2,3.2,1.47,74.58512,-2.53972
101, ,"110213A",4,19048893,19048492,"II","SwiftBAT",64,"4,5","S2",58.8,1.46,s,99,"    ",-20.097,31.265,-20.097,2.082,29.249,2.598,-2.433,2.656,5.681,2.739,,,,,,,"  ",10.53,0.52,0.65,1.056,,1.23,0.14,0.16,1.12,2.08,0.44,0.45,1.056,1.69,0.27,0.28,82.7,7.8,30.1,5.3,0.82,2.07,42.96404,49.27256
102, ,"110422A",4,56502948,56505300,"II","SwiftBAT",64,"4","S2",37.7,1.77,s,100,"    ",-0.512,37.312,5.28,0.17,22.304,0.273,12.72,0.057,8.336,0.267,0.05416,0.03487,0.11596,0.03923,0.04905,0.03078,"  ",88.8,1.3,1.3,18.24,,10.69,0.8,0.86,18.128,13.58,0.99,0.99,18.24,13.07,0.7,0.69,747.0,11.0,298.0,16.0,0.67,5.7,112.04671,75.10667
103,*,"110503A",4,63341862,63343747,"II","SwiftBAT",64,"4","S2",56.9,1.613,s,101,"    ",-3.262,14.67,-0.474,1.974,6.666,2.097,1.248,0.057,1.648,0.092,0.35263,0.0281,0.40317,0.04867,0.08141,0.03938,"  ",29.8,1.3,1.3,1.952,,9.0,0.62,0.67,1.968,11.25,0.91,0.91,1.952,10.73,0.64,0.64,212.8,9.5,195.0,12.0,0.66,4.51,132.77612,52.20747
104, ,"110715A",4,47635304,47631418,"II","SwiftBAT",64,"4","S1",64.5,0.82,s,102,"    ",-0.386,5.074,0.23,0.025,2.842,0.184,0.992,0.064,1.28,0.072,0.1038,0.01588,0.01024,0.05099,-0.02205,0.05404,"  ",24.0,1.4,1.6,1.92,,6.81,0.25,0.25,1.984,15.4,1.0,1.0,1.92,14.28,0.73,0.73,49.7,3.3,52.4,2.7,0.71,2.58,237.68371,-46.23515
105, ,"110731A",2,40174604,40170409,"II","SwiftBAT",64,"4,5,6","S1",84.6,2.83,s,103,"    ",-0.41,9.898,0.018,0.036,6.702,0.857,1.808,0.096,3.616,0.195,-0.12894,0.11368,,,,,"  ",16.79,0.61,0.64,4.256,,3.12,0.2,0.2,4.304,6.17,0.79,0.79,4.256,4.51,0.38,0.38,315.0,12.0,324.0,28.0,0.87,5.05,280.50412,-28.53717
106, ,"110918A",4,77222856,77218937,"II","IPN",104," ","S1",52.3,0.984,s,105,"    ",-0.178,95.154,0.194,0.002,19.55,0.096,0.446,0.002,14.29,0.064,0.03682,0.00197,0.07529,0.00276,0.03957,0.00204,"  ",876.0,29.0,29.0,0.344,,340.1,9.0,9.0,0.372,902.0,25.0,25.0,0.344,871.0,24.0,24.0,2705.0,99.0,4650.0,130.0,3.0,16.66,32.53912,-27.10544
107, ,"111008A",2,79981676,79978248,"II","SwiftBAT",64,"4","S1",38.1,5.0,s,106,"    ",-4.986,15.002,-4.986,2.082,12.666,3.058,-0.226,1.292,3.41,1.358,,,,,,,"  ",7.02,0.68,0.95,0.256,,1.38,0.15,0.16,0.33,2.24,0.44,0.45,0.256,1.81,0.2,0.21,414.0,71.0,549.0,66.0,0.66,7.74,60.45092,-32.70947
108, ,"111228A",4,56736171,56734790,"II","SwiftBAT",64,"4,5","S2",84.3,0.7156,s,107,"    ",-6.48,51.088,-6.48,2.082,50.576,2.175,-0.026,0.152,28.298,14.33,,,,,,,"  ",7.85,0.71,0.81,3.68,,1.19,0.24,0.36,-0.192,2.18,0.39,0.4,3.68,1.9,0.3,0.31,16.5,4.0,5.8,1.2,1.1,0.91,150.06683,18.29783
109, ,"120119A",4,14674872,14671459,"II","SwiftBAT",64,"4,5","S1",61.0,1.728,s,108,"    ",-6.807,58.327,-3.863,2.944,39.639,4.143,5.232,0.304,13.12,1.117,,,,,,,"  ",50.0,3.4,3.6,8.464,,3.61,0.28,0.29,8.512,5.68,0.83,0.83,8.464,4.76,0.53,0.53,402.0,28.0,104.0,12.0,0.89,3.29,120.02892,-9.08162
110, ,"120624B",4,80406904,80406153,"II","SwiftBAT",64,"4,5,6","S2",85.4,2.1974,s,109,"    ",-38.782,288.512,-27.006,2.944,267.904,4.163,59.52,8.645,98.432,8.743,,,,,,," 3",230.9,9.0,9.8,139.52,,4.81,0.31,0.32,139.52,5.16,0.5,0.5,139.52,5.16,0.5,0.5,2820.0,120.0,199.0,19.0,1.6,4.0,170.88446,8.92819
111, ,"120711A",4,9955810,9955657,"II","INTEGRAL",110,"5,6","S1",4.8,1.405,s,111,"    ",-62.425,116.121,0.198,0.462,41.338,0.604,9.072,0.168,25.168,0.306,0.38534,0.08485,0.56986,0.12246,0.1848,0.07611,"  ",379.3,8.6,8.6,6.656,,12.75,0.69,0.7,6.656,14.7,1.8,1.8,6.656,13.4,1.2,1.2,2037.0,46.0,173.0,15.0,2.3,4.79,94.6785,-70.99911
112, ,"120716A",4,61507357,61504087,"II","IPN",112,"5","S2",64.0,2.486,s,113,"    ",-0.264,215.304,0.062,0.035,208.578,5.324,177.408,25.909,20.224,26.687,,,,,,,"  ",15.04,0.99,1.32,178.176,,0.86,0.12,0.13,178.176,1.03,0.2,0.21,178.176,1.03,0.2,0.21,264.0,25.0,57.0,11.0,0.68,3.59,313.05071,9.59831
113, ,"120804A",2,3255749,3254794,"II","SwiftBAT",64,"4","S2",99.2,1.3,p,114,"    ",-0.438,0.844,-0.392,0.018,0.768,0.129,-0.256,0.04,0.326,0.059,-0.008,0.023,,,,,"  ",1.378,0.073,0.083,-0.066,1,1.37,0.25,0.33,0.014,4.16,0.84,0.9,-0.066,3.85,0.66,0.72,6.57,0.47,42.2,7.8,0.79,1.68,233.94812,-28.78247
114, ,"121128A",4,18353703,18353474,"II","SwiftBAT",64,"4,5","S2",19.1,2.2,s,115,"    ",-6.433,13.345,-3.489,3.159,10.017,3.167,0.36,0.152,5.56,0.204,,,,,,,"  ",7.4,0.21,0.22,6.08,,2.23,0.12,0.13,5.568,3.05,0.43,0.43,6.08,2.69,0.23,0.23,100.6,3.6,113.0,10.0,0.55,3.8,300.59979,54.29972
115, ,"130408A",2,78701194,78698956,"II","SwiftBAT",64,"4","S1",43.0,3.758,s,116,"    ",-0.446,5.134,-0.044,0.04,4.236,0.288,0.8,0.057,2.352,0.158,0.09383,0.07493,0.04628,0.12533,-0.01867,0.0907,"  ",11.0,1.7,2.3,0.768,,3.15,0.48,0.59,3.36,5.0,1.1,1.3,0.768,3.36,0.61,0.79,324.0,61.0,472.0,99.0,0.9,6.82,134.40542,-32.36081
116,*,"130427A",4,28029501,28026468,"II","SwiftBAT",64,"4,5,6","S2",67.4,0.3399,s,117,"    ",-0.104,228.968,4.56,0.016,61.744,6.25,6.752,0.016,3.36,0.023,0.10198,0.00483,0.1301,0.08085,0.0079,0.00103,"  ",2863.0,15.0,15.0,7.76,,509.0,11.0,11.0,7.76,681.0,16.0,16.0,7.76,667.0,16.0,16.0,890.4,4.6,276.6,6.4,2.5,5.91,173.13683,27.69894
117, ,"130505A",4,30147038,30146527,"II","SwiftBAT",64,"4","S1",91.0,2.27,s,118,"    ",-4.244,32.132,0.688,0.048,14.688,0.469,2.192,0.025,2.512,0.048,0.24746,0.03315,0.48308,0.03668,0.22152,0.02541,"  ",344.5,7.9,8.0,2.512,,70.7,2.8,2.8,2.608,83.1,5.6,5.6,2.512,79.0,4.2,4.3,4380.0,100.0,3280.0,180.0,2.6,8.59,137.05833,17.485
118, ,"130518A",4,50097501,50101478,"II","SwiftBAT",64,"4,5,6","S2",45.9,2.488,s,119,"    ",-11.397,46.149,-8.453,2.944,28.629,5.693,0.56,0.103,5.456,0.232,,,,,,,"  ",144.0,9.1,9.3,1.728,,17.7,1.6,1.6,1.824,22.0,2.7,2.7,1.728,20.3,2.1,2.0,2160.0,140.0,1060.0,110.0,3.8,5.86,355.66579,47.46533
119,*,"130603B",2,56956448,56954164,"I ","SwiftBAT",64,"4","S2",77.4,0.3565,s,120,"    ",-0.006,0.126,-0.004,0.002,0.07,0.009,0.01,0.002,0.034,0.005,,,,,,,"  ",5.72,0.29,0.29,-0.008,1,5.81,0.41,0.43,-0.006,81.3,5.2,5.2,-0.008,64.3,4.1,4.1,1.96,0.099,29.9,1.9,3.3,1.44,172.20067,17.07172
120, ,"130701A",2,15462161,15463592,"II","SwiftBAT",64,"4","S2",56.2,1.155,s,121,"    ",-0.484,4.436,-0.154,0.039,3.658,0.319,0.494,0.029,1.186,0.16,-0.09947,0.04247,,,,,"  ",6.28,0.19,0.19,0.896,,2.96,0.17,0.18,0.896,4.91,0.53,0.53,0.896,3.85,0.33,0.33,26.18,1.0,34.6,3.0,0.58,2.27,357.22937,36.10036
121, ,"130831A",4,47062044,47057913,"II","SwiftBAT",64,"4","S2",62.7,0.4791,s,122,"    ",-0.508,21.324,-0.074,0.072,17.53,2.811,1.104,0.097,3.936,0.656,0.26972,0.08216,,,,,"  ",8.93,0.37,0.4,1.6,,1.59,0.13,0.14,1.632,2.32,0.28,0.28,1.6,1.96,0.22,0.22,8.05,0.57,2.47,0.3,0.89,0.77,358.62467,29.42975
122, ,"130907A",4,77955997,77959051,"II","SwiftBAT",64,"4","S2",35.0,1.238,s,123,"    ",-0.814,210.99,13.248,0.082,180.288,0.413,108.032,0.256,54.784,0.479,,,,,,,"  ",903.0,30.0,30.0,139.264,,19.0,0.63,0.64,139.264,21.9,1.0,1.0,139.264,21.9,1.0,1.0,3840.0,130.0,207.2,9.6,1.1,4.58,215.89179,45.60753
123, ,"131030A",4,75377811,75373932,"II","SwiftBAT",64,"4","S1",90.9,1.293,s,124,"    ",-0.508,23.612,1.248,0.104,15.712,0.562,5.28,0.088,7.264,0.183,0.64804,0.17607,0.79726,0.48121,0.1825,0.14031,"  ",70.7,2.6,2.8,11.616,,7.23,0.26,0.27,11.648,9.7,0.94,0.94,11.616,9.12,0.6,0.6,327.0,13.0,96.4,6.3,0.8,2.87,345.06725,-5.36811
124, ,"131105A",4,7527233,7526001,"II","SwiftBAT",64,"4,5","S1",8.8,1.686,s,125,"    ",-31.266,116.258,-28.322,2.944,110.946,3.196,1.2,0.333,74.448,0.781,,,,,,,"  ",19.1,1.2,1.5,1.36,,1.26,0.14,0.15,1.392,1.99,0.42,0.43,1.36,1.71,0.26,0.27,153.0,12.0,36.5,5.8,0.65,2.52,70.97292,-63.00492
125, ,"131108A",4,74512947,74515851,"II","FermiLAT",126,"5,6","S2",89.9,2.4,s,127,"    ",-0.138,19.994,0.116,0.014,17.692,0.465,1.952,0.064,6.112,0.833,,,,,,,"  ",37.0,1.5,1.7,-0.038,1,7.7,1.2,1.3,0.012,25.3,4.3,4.7,-0.038,20.4,3.2,3.6,540.0,24.0,980.0,160.0,2.8,6.76,156.502,9.66224
126, ,"131231A",4,17132361,17131276,"II","FermiLAT",128,"5,6","S1",84.1,0.6439,s,129,"    ",-13.707,50.123,-4.875,2.944,29.163,3.037,5.76,0.097,6.896,0.224,,,,,,,"  ",169.2,4.5,4.5,7.504,,17.15,0.71,0.73,7.488,22.8,1.8,1.8,7.504,21.2,1.4,1.4,211.1,6.0,40.7,2.7,1.2,1.95,10.59025,-1.65294
127, ,"140213A",4,69693011,69693067,"II","SwiftBAT",64,"4,5","S1",8.4,1.2076,s,130,"    ",-0.504,22.728,0.222,0.048,16.402,2.869,1.264,0.057,5.12,0.14,0.08722,0.09803,,,-0.20698,0.1968,"  ",18.28,0.37,0.38,0.896,,3.57,0.16,0.16,1.312,5.27,0.62,0.62,0.896,4.37,0.39,0.39,88.8,2.4,44.8,4.0,0.75,2.45,105.15492,-73.13725
128, ,"140419A",4,14811110,14810972,"II","SwiftBAT",64,"4","S2",63.7,3.956,s,131,"    ",-5.665,58.273,-2.721,2.738,53.473,3.807,5.6,0.333,15.984,0.977,,,,,,,"  ",71.7,5.7,5.8,7.584,,1.98,0.2,0.21,7.584,3.57,0.68,0.69,7.584,2.43,0.31,0.32,2280.0,180.0,383.0,50.0,1.2,5.42,126.98983,46.24036
129, ,"140506A",2,76059098,76057801,"II","SwiftBAT",64,"4,5","S1",57.8,0.889,s,132,"    ",-1.068,64.556,-0.5,0.443,61.044,5.23,0.33,0.078,29.958,15.792,,,,,,,"  ",5.74,0.34,0.52,0.624,,2.19,0.34,0.5,0.64,4.63,0.81,1.05,0.624,4.28,0.66,0.91,14.0,1.4,19.7,3.9,0.76,1.59,276.77517,-55.63575
130, ,"140508A",4,11038423,11037067,"II","SwiftBAT",64,"5","S2",24.6,1.027,s,133,"    ",-3.507,232.627,0.592,0.057,149.68,20.977,2.592,0.016,22.032,0.699,,,,,,,"  ",73.1,4.7,5.0,2.576,,22.0,1.0,1.0,2.576,32.4,1.8,1.8,2.576,29.6,1.4,1.4,225.0,15.0,177.8,8.2,0.96,4.31,255.46646,46.78042
131, ,"140512A",4,70310769,70309555,"II","SwiftBAT",64,"4,5","S2",82.9,0.725,s,134,"    ",-17.013,161.397,-5.237,2.944,141.173,6.127,98.112,3.259,25.536,3.501,,,,,,,"  ",47.3,3.5,4.3,121.856,,2.68,0.31,0.38,121.856,3.35,0.46,0.52,121.856,3.35,0.46,0.52,72.5,6.1,8.8,1.3,1.1,1.09,289.37004,-15.09431
132, ,"140606B",2,11510769,11512293,"II","SwiftBAT",64,"5","S2",46.8,0.384,s,135,"    ",-0.496,8.56,-0.186,0.041,6.73,0.705,0.64,0.066,2.656,0.265,-0.06824,0.06971,,,0.15595,0.12201,"  ",6.79,0.32,0.34,0.752,,1.87,0.13,0.14,0.752,2.87,0.42,0.43,0.752,2.57,0.34,0.34,2.74,0.13,1.44,0.19,0.51,0.67,328.125,32.01458
133, ,"140801A",4,68394769,68394138,"II","FermiGBM",136,"5","S2",81.2,1.32,s,136,"    ",-0.122,7.034,0.116,0.009,6.156,0.189,0.944,0.057,4.208,0.092,-0.01857,0.01998,,,,,"  ",11.32,0.24,0.25,0.08,1,1.49,0.13,0.13,0.146,4.73,0.56,0.56,0.08,4.1,0.39,0.4,55.5,1.3,45.4,4.4,0.48,2.17,44.06875,30.938
134, ,"140808A",2,3239264,3241038,"II","FermiGBM",137,"5","S2",31.6,3.293,s,138,"    ",-1.938,5.49,-1.938,1.086,5.202,1.12,0.13,0.07,1.854,0.393,0.10272,0.07017,,,,,"  ",3.34,0.18,0.19,0.14,,1.15,0.1,0.11,0.312,1.77,0.33,0.34,0.14,1.41,0.17,0.17,84.8,5.1,154.0,19.0,0.46,5.07,221.22196,49.21464
135, ,"141220A",4,21771666,21772662,"II","SwiftBAT",64,"4,5","S2",54.8,1.3195,s,139,"    ",-0.356,7.524,-0.058,0.024,6.89,0.313,0.396,0.048,2.804,0.348,-0.02215,0.05127,,,,,"  ",4.69,0.23,0.24,0.02,1,1.3,0.14,0.15,0.066,2.94,0.46,0.47,0.02,2.6,0.34,0.35,22.9,1.2,28.9,3.8,0.49,2.16,195.06529,32.14658
136, ,"150206A",4,52280265,52282868,"II","SwiftBAT",64,"4","S1",31.8,2.087,s,140,"    ",-9.907,61.491,-4.019,2.944,35.171,4.744,3.392,0.195,15.68,0.238,,,,,,,"  ",55.8,4.0,4.1,4.336,,5.66,0.51,0.53,4.32,8.0,1.1,1.1,4.336,7.06,0.75,0.77,619.0,45.0,240.0,26.0,0.91,4.51,10.07362,-63.18228
137, ,"150314A",4,17691727,17690924,"II","SwiftBAT",64,"4,5,6","S2",46.9,1.758,s,141,"    ",-0.168,14.2,0.438,0.013,10.25,0.217,1.664,0.032,4.448,0.124,0.49453,0.02671,0.85398,0.03364,0.37541,0.02821,"  ",94.1,2.6,2.6,1.216,,19.46,0.73,0.75,1.248,25.7,1.6,1.6,1.216,23.6,1.1,1.2,768.0,21.0,526.0,26.0,0.84,6.52,126.67042,63.83431
138, ,"150323A",4,10282369,10280908,"II","SwiftBAT",64,"4","S2",64.3,0.593,s,142,"    ",-126.461,161.469,-126.461,2.082,153.165,9.404,-52.861,39.112,61.837,39.223,,,,,,,"  ",11.2,0.34,0.36,-0.326,,0.671,0.094,0.099,0.152,1.3,0.36,0.36,-0.326,1.1,0.28,0.28,12.56,0.69,1.92,0.49,0.62,0.63,128.17808,45.46464
139, ,"150403A",4,78852693,78853255,"II","SwiftBAT",64,"4,5,6","S1",47.3,2.06,s,143,"    ",-4.791,38.967,0.34,0.146,21.036,1.547,5.024,0.12,6.208,0.183,0.21423,0.0647,0.55415,0.09567,0.37447,0.05888,"  ",107.4,5.7,5.7,8.912,,15.39,0.73,0.74,9.072,20.3,1.9,1.9,8.912,17.0,1.2,1.2,1164.0,62.0,562.0,40.0,1.3,6.58,311.50487,-62.71122
140, ,"150424A",2,27781073,27777738,"I ","SwiftBAT",64,"4","S1",54.8,0.3,s,144,"13  ",-0.038,0.416,0.018,0.002,0.276,0.015,0.064,0.004,0.168,0.006,0.00359,0.00444,0.00484,0.00447,,,"  ",18.18,0.66,0.67,0.172,1,17.85,0.85,0.86,0.186,109.9,5.8,5.9,0.172,93.7,4.9,4.9,4.34,0.16,29.1,1.5,4.3,1.26,152.30562,-26.63092
141, ,"150514A",2,66905130,66905725,"II","FermiLAT",145,"5,6","S1",8.7,0.807,s,146,"    ",-0.452,2.356,-0.282,0.063,1.962,0.225,0.118,0.038,0.81,0.108,0.2139,0.02851,,,,,"  ",3.64,0.19,0.2,0.428,,1.58,0.17,0.2,0.464,2.15,0.23,0.24,0.428,1.9,0.17,0.18,8.78,0.78,8.3,0.97,1.1,1.27,74.87692,-60.96858
142, ,"150821A",4,35074166,35071096,"II","SwiftBAT",64,"4,5","S1",44.7,0.755,s,147,"    ",-13.169,173.425,-7.281,2.944,110.961,13.786,5.328,0.209,31.024,0.867,,,,,,,"  ",88.0,5.7,7.1,4.752,,2.24,0.15,0.16,4.768,3.55,0.56,0.56,4.752,2.84,0.4,0.4,155.0,12.0,8.2,1.2,0.7,1.28,341.91304,-57.89392
143, ,"151021A",4,5336535,5332888,"II","SwiftBAT",64,"4","S1",67.9,2.33,s,148,"    ",-5.72,85.656,0.082,0.188,57.006,2.863,14.272,0.242,24.128,0.845,0.01829,0.12644,0.35096,1.0136,-0.01221,0.29006,"  ",80.1,6.3,6.9,22.208,,3.33,0.29,0.29,22.256,5.06,0.89,0.89,22.208,4.2,0.53,0.53,1127.0,94.0,190.0,24.0,1.0,4.01,337.64346,-33.19731
144,*,"151027A",4,14304154,14304488,"II","SwiftBAT",64,"4,5","S2",5.3,0.81,s,149,"    ",-0.508,121.852,0.172,0.036,117.332,2.716,21.088,3.029,90.016,3.197,,,,,,,"  ",15.6,1.5,2.1,0.392,,1.58,0.13,0.14,0.432,2.49,0.41,0.41,0.392,2.14,0.3,0.3,33.0,4.1,7.8,1.1,0.56,1.28,272.48692,61.35331
145, ,"160131A",4,30044577,30043817,"II","SwiftBAT",64,"4","S1",60.1,0.972,s,150,"    ",-9.0,169.768,0.468,0.14,109.868,7.937,5.92,0.145,33.184,1.365,0.68654,0.18988,1.40573,0.25799,0.7648,0.12096,"  ",330.0,25.0,25.0,5.264,,16.21,0.74,0.74,2.704,23.2,2.9,2.9,5.264,20.9,2.0,2.0,870.0,66.0,108.0,10.0,3.6,2.07,78.168,-7.04986
146, ,"160410A",2,18592644,18588172,"I ","SwiftBAT",64,"4","S1",82.0,1.717,s,151,"14  ",-0.19,1.886,-0.036,0.008,1.588,0.121,0.082,0.02,1.006,0.13,,,,,,,"  ",12.0,2.1,2.5,-0.052,,6.8,1.4,1.7,-0.03,24.0,5.2,6.2,-0.052,14.8,3.1,3.8,93.0,18.0,312.0,73.0,7.7,2.85,150.68487,3.47853
147, ,"160509A",4,32326696,32328075,"II","FermiLAT",152,"5,6","S2",15.8,1.17,s,153,"    ",-3.109,89.381,6.944,0.064,28.512,3.815,10.832,0.032,5.84,0.072,0.42956,0.03839,0.91075,0.06395,0.44669,0.05362,"  ",294.0,26.0,27.0,12.048,,21.95,0.95,0.96,12.064,30.6,2.1,2.1,12.048,28.9,1.7,1.7,1130.0,100.0,239.0,14.0,0.99,4.8,311.75375,76.10836
148, ,"160623A",4,17977594,17976336,"II","FermiLAT",154,"5,6","S2",34.5,0.367,s,155,"    ",-6.166,208.918,3.936,0.032,21.6,0.591,7.824,0.016,4.32,0.051,0.65128,0.0223,1.0599,0.02951,0.38506,0.01881,"  ",688.2,9.1,9.1,9.904,,112.5,1.4,1.4,9.92,127.5,3.3,3.3,9.904,123.4,2.8,2.8,253.0,3.4,61.4,1.4,1.1,3.07,315.29808,42.22094
149, ,"160625B",4,81619875,81618938,"II","FermiLAT",156,"4,5,6","S2",65.1,1.406,s,157,"    ",-0.288,227.616,187.904,0.256,20.992,0.572,190.208,0.256,10.752,0.362,,,,,,,"  ",950.0,11.0,12.0,188.928,,108.8,4.7,4.7,188.928,127.0,6.8,6.8,188.928,127.0,6.8,6.8,5101.0,62.0,1637.0,88.0,2.3,11.31,308.59812,6.91931
150, ,"160629A",2,80385314,80386474,"II","INTEGRAL",158,"5","S2",27.6,3.332,s,159,"    ",-9.848,72.696,-6.904,2.944,64.568,11.204,0.334,0.371,12.978,1.228,,,,,,,"  ",15.71,0.54,0.58,3.968,,0.852,0.088,0.09,-0.476,1.36,0.34,0.34,3.968,1.09,0.16,0.16,389.0,14.0,117.0,17.0,0.53,4.2,4.86454,76.96717
