recno,Ref,BibCode,Aut,Com
1,1,"2017ApJ...850..161T","Tsvetkova et al.","Cat. J/ApJ/850/161"
2,2,"2017AdAst2017E...5C","Cano et al."," "
3,3,"2013MNRAS.430..163Q","Qin & Chen"," "
4,4,"2006MNRAS.372..233A","Amati"," "
5,5,"2009ApJS..180..192F","Frontera et al.","Cat. J/ApJS/180/192"
6,6,"2014AstL...40..235M","Minaev et al.","Cat. J/PAZh/40/271"
7,7,"2009ApJ...703.1696Z","Zhang et al."," "
8,8,"2010ApJ...717..411N","Norris et al."," "
9,9,"2014MNRAS.442.2586V","Volnova et al."," "
10,10,"2016ApJS..224...10S","Svinkin et al.","Cat. J/ApJS/224/10"
11,11,"2007ApJ...671..656B","Butler et al."," "
12,12,"2015A&A...581A.125K","Kruhler et al.","Cat. J/A+A/581/A125"
13,13,"2018ApJ...852L...1Z","Zou et al."," "
14,14,"2018PASP..130e4202Z","Zhang et al."," "
15,15,"2008GCN..7205....1T","Tueller et al."," "
16,16,"2017AstL...43....1M","Minaev & Pozanenko"," "
17,17,"2011MNRAS.413..669C","Cano et al."," "
18,18,"2012MNRAS.421.1256N","Nava et al."," "
19,19,"2009GCN.10040....1M","Markwardt et al."," "
20,20,"2011GCN.11722....1G","Golenetskii et al."," "
21,21,"2011GCN.11736....1C","Cenko et al."," "
22,22,"                   ","Pozanenko et al.","in preparation"
23,23,"2018A&A...616A..48S","Selsing et al."," "
24,24,"2012GCN.13120....1B","Barthelmy et al."," "
25,25,"2012GCN.13118....1T","Tello et al."," "
26,26,"2012GCN.13469....1G","Gruber"," "
27,27,"2012GCN.13460....1X","Xu et al."," "
28,28,"2012GCN.13517....1K","Krimm et al."," "
29,29,"2012GCN.13512....1C","Cucchiara et al."," "
30,30,"2014A&A...568A..19C","Cano et al.","Cat. J/A+A/568/A19"
31,31,"2012GCN.13634....1K","Krimm et al."," "
32,32,"2012GCN.13628....1T","Thoene et al."," "
33,33,"2012GCN.13736....1G","Golenetskii et al."," "
34,34,"2016ApJS..223...28N","Narayana Bhat et al."," "
35,35,"2012GCN.13810....1K","Knust et al."," "
36,36,"2013GCN.14219....1Y","Younes & Bhat"," "
37,37,"2013GCN.14207....1C","Cucchiara & Fumagalli"," "
38,38,"2013GCN.14437....1D","de Ugarte Postigo et al."," "
39,39,"2013GCN.14702....1P","Pal'Shin et al."," "
40,40,"2013GCN.14808....1G","Golenetskii et al."," "
41,41,"2013GCN.14848....1S","Smette et al."," "
42,42,"2013GCN.14896....1F","Fitzpatrick"," "
43,43,"2013GCN.14882....1T","Tanvir et al."," "
44,45,"2013GCN.15260....1G","Golenetskii et al."," "
45,46,"2013GCN.15330....1R","Rau, Kruehler & Greiner"," "
46,47,"2013GCN.15499....1K","Krimm et al."," "
47,48,"2013GCN.15494....1H","Hartoog et al."," "
48,49,"2014GCN.15800....1M","Malesani et al."," "
49,50,"2014GCN.15889....1G","Golenetskii et al."," "
50,51,"2014GCN.15883....1C","Cenko et al."," "
51,52,"2014GCN.15936....1J","Jeong et al."," "
52,53,"2014GCN.15923....1J","Jenke & Fitzpatrick"," "
53,54,"2014GCN.16150....1T","Tanvir et al."," "
54,55,"2014GCN.16284....1S","Stamatikos et al."," "
55,56,"2014GCN.16269....1C","Chornock, Fox & Berger"," "
56,57,"2014GCN.16306....1U","Ukwatta et al."," "
57,58,"2014GCN.16301....1C","Chornock et al."," "
58,59,"2014GCN.16374....1G","Golenetskii et al."," "
59,60,"2014GCN.16425....1K","Kasliwal, Cenko & Singer"," "
60,61,"2019MNRAS.485.5294P","Pandey et al."," "
61,62,"2014GCN.16442....1B","Bhalerao et al."," "
62,63,"2014GCN.16495....1G","Golenetskii et al."," "
63,64,"2014GCN.16505....1C","Castro-Tirado et al."," "
64,65,"2014GCN.16797....1C","Castro-Tirado, Gorosabel & Garcia-Rodriguez"," "
65,66,"2014GCN.16900....1P","Pelassa"," "
66,67,"2014GCN.16902....1D","de Ugarte Postigo et al."," "
67,68,"2014GCN.16983....1X","Xu et al."," "
68,69,"2014GCN.17055....1G","Golenetskii et al."," "
69,70,"2014GCN.17228....1P","Perley, Cao & Cenko"," "
70,71,"2014GCN.17234....1G","Gorosabel et al."," "
71,72,"2015GCN.17319....1V","von Kienlin & Burns"," "
72,73,"2015GCN.17358....1C","Chornock & Fong"," "
73,74,"2015GCN.17523....1D","de Ugarte Postigo et al."," "
74,75,"2015GCN.17731....1G","Golenetskii et al."," "
75,76,"2015GCN.17759....1N","Norris et al."," "
76,77,"2015GCN.18080....1T","Tanvir et al."," "
77,78,"2015GCN.18198....1G","Golenetskii et al."," "
78,79,"2015GCN.18205....1M","Mazaeva et al."," "
79,80,"2015GCN.18527....1S","Stamatikos et al."," "
80,81,"2015GCN.18524....1T","Tanvir et al."," "
81,82,"2015GCN.18598....1B","Bolmer et al."," "
82,83,"2015GCN.18580....1C","Cummings et al."," "
83,84,"2016GCN.19109....1X","Xu et al."," "
84,85,"2016GCN.19106....1S","Sakamoto et al."," "
85,86,"2016GCN.19276....1S","Sakamoto et al."," "
86,87,"2018NatAs...2...69Z","Zhang et al."," "
87,88,"2016GCN.19773....1X","Xu et al."," "
88,89,"2016GCN.20059....1F","Frederiks et al."," "
89,90,"2016GCN.20082....1F","Frederiks et al."," "
90,91,"2016GCN.20111....1F","Frederiks et al."," "
91,92,"2016GCN.20197....1S","Svinkin et al."," "
92,93,"2016GCN.20245....1C","Cano et al."," "
93,94,"2016GCN.20308....1P","Palmer et al."," "
94,95,"2016GCN.20321....1T","Tanvir et al."," "
95,96,"2016GCN.20342....1D","de Ugarte Postigo et al."," "
96,97,"2017GCN.20456....1M","Markwardt et al."," "
97,98,"2017GCN.20458....1X","Xu et al."," "
98,99,"2017GCN.20604....1F","Frederiks et al."," "
99,100,"2017GCN.20686....1K","Kruehler et al."," "
100,101,"2017GCN.21247....1F","Frederiks et al."," "
101,102,"2017GCN.21240....1D","de Ugarte Postigo et al."," "
102,103,"2017GCN.21298....1D","de Ugarte Postigo et al."," "
103,104,"2017GCN.21299....1S","Svinkin et al."," "
104,105,"2018ApJ...852L..30P","Pozanenko et al."," "
105,106,"2017GCN.21799....1D","de Ugarte Postigo et al."," "
106,107,"2017GCN.22003....1F","Frederiks et al."," "
107,108,"2017GCN.22096....1D","de Ugarte Postigo et al."," "
108,109,"2018A&A...619A..66D","D'Elia et al."," "
109,110,"2017GCN.22204....1D","de Ugarte Postigo et al."," "
110,111,"2017GCN.22272....1D","de Ugarte Postigo et al."," "
111,112,"2018GCN.22384....1T","Tanvir et al."," "
112,113,"2018GCN.22386....1V","von Kienlin"," "
113,114,"2018GCN.22546....1F","Frederiks et al."," "
114,115,"2018GCN.22566....1P","Palmer et al."," "
115,116,"2018GCN.22567....1I","Izzo et al."," "
116,117,"2018GCN.22823....1I","Izzo et al."," "
117,118,"2018GCN.22996....1V","Vreeswijk et al."," "
118,119,"2018GCN.23061....1F","Frederiks et al."," "
119,120,"2018GCN.23240....1F","Frederiks et al."," "
120,121,"2018GCN.23246....1D","D'Avanzo et al."," "
121,122,"2018GCN.23363....1T","Tsvetkova et al."," "
122,123,"2018GCN.23424....1F","Frederiks et al."," "
123,124,"2018GCN.23488....1I","Izzo et al."," "
124,125,"2018GCN.23495....1S","Svinkin et al."," "
125,126,"2019GCN.23601....1B","Belkin et al."," "
126,127,"                   ","Belkin et al.","in preparation"
127,128,"2019GCN.23637....1T","Tsvetkova et al."," "
128,129,"2019GCN.23708....1C","Castro-Tirado et al."," "
129,130,"2019GCN.23983....1M","Melandri et al."," "
130,131,"                   ","Pozanenko et al.","in preparation"
