recno,GRB,f_GRB,T90i,z,E_z,e_z,f_z,Eiso,E_Eiso,e_Eiso,Epi,E_Epi,e_Epi,Type,Exp,Ref,EH,EHtype,EHD,EHDtype,SimbadName,_RA,_DE
1,"970228 ", ,31.5,0.695,,,"  ",12.01,0.93,0.93,280.0,66.0,42.0,"II+SNph","Konus-Wind","1,2",1.04,"II",0.19,"II","GRB 970228 ",75.44458,11.78139
2,"970508 ", ,10.9,0.835,,,"  ",6.12,1.3,1.3,145.0,43.0,43.0,"II","BeppoSAX","3",0.7,"II",0.21,"II","GRB 970508 ",103.455,79.27194
3,"970828 ", ,33.8,0.9578,,,"  ",262.2,9.1,9.1,531.0,47.0,43.0,"II","Konus-Wind","1",0.57,"II",0.1,"II","GRB 970828 ",272.13167,59.31417
4,"971214 ", ,3.6,3.418,,,"  ",146.3,6.1,6.1,791.0,88.0,71.0,"II","Konus-Wind","1",1.08,"II",0.57,"II","GRB 971214 ",179.11,65.20028
5,"980326 ", ,4.5,1.0,,,"PH",4.82,0.9,0.9,71.0,36.0,36.0,"II+SNph","BeppoSAX","2,3",0.38,"II",0.18,"II","GRB 980326 ",129.14292,-18.85667
6,"980425B", ,17.9,0.0085,,,"  ",0.001,2.0E-4,2.0E-4,55.0,21.0,21.0,"II+SNsp","BATSE/CGRO","2,4",8.72,"I ",2.06,"II","GRB 980425 ",293.76321,-52.84614
7,"980613 ", ,9.5,1.096,,,"  ",5.9,0.9,0.9,194.0,89.0,89.0,"II","BeppoSAX","3",0.95,"II",0.31,"II","GRB 980613 ",154.49083,71.45722
8,"980703 ", ,52.1,0.966,,,"  ",72.0,7.0,7.0,503.0,64.0,64.0,"II","BATSE/CGRO","3",0.91,"II",0.13,"II","GRB 980703 ",359.77792,8.58528
9,"990123 ", ,23.9,1.6004,,,"  ",2133.0,54.0,54.0,1883.0,88.0,81.0,"II","Konus-Wind","1",0.88,"II",0.18,"II","GRB 990123 ",231.37083,44.75
10,"990506 ", ,55.8,1.30658,,,"  ",1255.0,43.0,43.0,683.0,62.0,58.0,"II","Konus-Wind","1",0.39,"II",0.05,"II","GRB 990506 ",178.67083,-26.75
11,"990510 ", ,21.3,1.6187,,,"  ",174.2,8.1,8.1,356.0,31.0,26.0,"II","Konus-Wind","1",0.45,"II",0.1,"II","GRB 990510 ",204.53183,-80.49689
12,"990705 ", ,18.0,0.8424,,,"  ",218.1,7.7,7.7,551.0,17.0,17.0,"II","Konus-Wind","1",0.64,"II",0.15,"II","GRB 990705 ",77.47708,-72.13139
13,"990712 ", ,11.6,0.4331,,,"  ",3.86,0.28,0.28,149.0,21.0,16.0,"II+SNph","Konus-Wind","1,2",0.87,"II",0.26,"II","GRB 990712 ",337.97109,-73.40794
14,"991208 ", ,37.0,0.7055,,,"  ",233.4,4.6,4.6,315.5,8.5,8.5,"II+SNph","Konus-Wind","1,2",0.36,"II",0.06,"II","GRB 991208 ",248.47296,46.45597
15,"991216 ", ,7.2,1.02,,,"  ",886.0,11.0,11.0,713.0,30.0,30.0,"II","Konus-Wind","1",0.47,"II",0.18,"II","GRB 991216 ",77.38041,11.28535
16,"000131 ", ,17.5,4.5,,,"  ",1817.0,11.0,11.0,732.0,72.0,66.0,"II","Konus-Wind","1",0.36,"II",0.09,"II","GRB 000131 ",93.3795,-51.94492
17,"000210 ", ,4.32,0.8463,,,"  ",193.1,4.8,4.8,687.0,39.0,37.0,"II","Konus-Wind","1",0.84,"II",0.4,"II","GRB 000210 ",29.8125,-40.66667
18,"000301C", ,1.21,2.0335,,,"  ",33.7,5.0,5.0,494.0,200.0,109.0,"II","Konus-Wind","1",1.21,"II",1.1,"II","GRB 000301C",245.07708,29.44306
19,"000418 ", ,13.1,1.1181,,,"  ",95.7,4.9,4.9,246.0,21.0,17.0,"II","Konus-Wind","1",0.4,"II",0.11,"II","GRB 000418 ",186.3375,20.08333
20,"000911 ", ,11.3,1.0585,,,"  ",649.0,20.0,20.0,2229.0,107.0,103.0,"II+SNph","Konus-Wind","1,2",1.67,"II",0.5,"II","GRB 000911 ",34.675,7.8
21,"000926A", ,18.0,2.0369,,,"  ",278.0,11.0,11.0,328.0,24.0,21.0,"II","Konus-Wind","1",0.35,"II",0.08,"II","GRB 000926A",256.0625,51.76667
22,"010222 ", ,36.2,1.4768,,,"  ",1072.0,30.0,30.0,706.0,54.0,50.0,"II","Konus-Wind","1",0.43,"II",0.07,"II","GRB 010222 ",223.05208,43.01833
23,"010921 ", ,13.7,0.45,,,"  ",10.84,0.47,0.47,135.0,12.0,10.0,"II","Konus-Wind","1",0.52,"II",0.14,"II","GRB 010921 ",343.99958,40.93136
24,"011121 ", ,41.9,0.36,,,"  ",98.9,2.7,2.7,1114.0,147.0,131.0,"II+SNsp","Konus-Wind","1,2",1.77,"II",0.27,"II","GRB 011121 ",173.61112,-76.02822
25,"011211 ", ,16.2,2.14,,,"  ",63.0,7.0,7.0,186.0,24.0,24.0,"II","BeppoSAX","4,5",0.36,"II",0.09,"II","GRB 011211 ",168.81667,-21.93333
26,"020124 ", ,18.7,3.198,,,"  ",270.0,30.0,30.0,448.0,148.0,148.0,"II","HETE-2","3",0.48,"II",0.11,"II","GRB 020124 ",143.21167,-11.51972
27,"020127 ", ,6.1,1.9,0.2,0.4,"PH",35.0,1.0,1.0,290.0,100.0,100.0,"II","HETE-2","3",0.7,"II",0.28,"II","GRB 020127 ",123.77417,36.74194
28,"020405 ", ,24.6,0.6898,,,"  ",117.3,1.8,1.8,272.0,12.0,12.0,"II+SNph","Konus-Wind","1,2",0.4,"II",0.08,"II","GRB 020405 ",209.513,-31.37283
29,"020813 ", ,39.7,1.254,,,"  ",758.0,47.0,47.0,512.0,41.0,38.0,"II","Konus-Wind","1",0.36,"II",0.06,"II","GRB 020813 ",296.67447,-19.60134
30,"020819B", ,5.8,0.411,,,"  ",3.51,0.39,0.39,224.0,59.0,40.0,"II","Konus-Wind","1",1.36,"II",0.56,"II","GRB 020819B",345.048,-43.011
31,"020903 ", ,8.0,0.25,,,"  ",0.024,0.006,0.006,3.37,1.79,1.79,"II+SNph","HETE-2","2,3",0.15,"II",0.05,"II","GRB 020903 ",342.17642,-20.76925
32,"021004 ", ,23.4,2.33,,,"  ",33.0,4.0,4.0,266.0,117.0,117.0,"II","HETE-2","3",0.66,"II",0.14,"II","GRB 021004 ",6.72783,18.92822
33,"021211 ", ,0.9,1.004,,,"  ",9.9,1.9,1.9,108.0,26.0,50.0,"II+SNsp","Konus-Wind","1,2",0.43,"II",0.46,"II","GRB 021211 ",122.24941,6.72709
34,"030226 ", ,25.8,1.98,,,"  ",121.0,13.0,13.0,289.0,66.0,66.0,"II","HETE-2","3",0.42,"II",0.08,"II","GRB 030226 ",173.27042,25.89889
35,"030323 ", ,7.46,3.372,,,"  ",28.0,9.0,9.0,270.0,113.0,113.0,"II","HETE-2","3",0.71,"II",0.26,"II","GRB 030323 ",166.53917,-21.77028
36,"030328 ", ,55.6,1.52,,,"  ",470.0,30.0,30.0,328.0,55.0,55.0,"II","HETE-2","3",0.28,"II",0.04,"II","GRB 030328 ",182.70167,-9.3475
37,"030329 ", ,18.7,0.16854,,,"  ",16.55,0.3,0.3,113.3,2.3,2.3,"II+SNsp","Konus-Wind","1,2",0.37,"II",0.09,"II","GRB 030329 ",161.20846,21.52171
38,"030429 ", ,2.8,2.65,,,"  ",21.6,2.6,2.6,128.0,26.0,26.0,"II","HETE-2","3",0.37,"II",0.22,"II","GRB 030429 ",183.28123,-20.91376
39,"030528 ", ,27.6,0.782,,,"  ",25.0,3.0,3.0,57.0,9.0,9.0,"II","HETE-2","3",0.16,"II",0.03,"II","GRB 030528 ",256.00125,-22.61944
40,"031203 ", ,31.0,0.105,,,"  ",0.1,0.04,0.04,158.0,51.0,51.0,"II+SNsp","Konus-Wind","2,4,6",3.97,"I ",0.71,"II","GRB 031203 ",120.62542,-39.85083
41,"040912 ", ,55.8,1.563,,,"  ",13.0,3.0,3.0,44.0,33.0,33.0,"II","HETE-2","3",0.16,"II",0.02,"II","GRB 040912 ",359.17917,-0.92222
42,"040924 ", ,0.43,0.859,,,"  ",5.08,0.27,0.27,133.8,11.2,11.2,"II+SNph","Konus-Wind","1,2",0.7,"II",1.07,"II","GRB 040924 ",31.59383,16.14689
43,"041006 ", ,4.0,0.716,,,"  ",6.88,0.37,0.37,147.6,8.6,8.6,"II+SNph","Konus-Wind","1,2",0.68,"II",0.34,"II","GRB 041006 ",13.70904,1.23528
44,"050126A", ,10.8,1.29,,,"  ",7.36,1.6,1.6,263.0,110.0,110.0,"II","Swift","3",1.18,"II",0.36,"II","GRB 050126 ",278.11342,42.37061
45,"050223 ", ,14.1,0.5915,,,"  ",1.21,0.18,0.18,110.0,54.0,54.0,"II","Swift","3",1.02,"II",0.27,"II","GRB 050223 ",271.38417,-62.47233
46,"050318 ", ,13.1,1.44,,,"  ",22.0,1.6,1.6,115.0,25.0,25.0,"II","Swift","3",0.33,"II",0.09,"II","GRB 050318 ",49.7125,-46.39545
47,"050401 ", ,8.5,2.8992,,,"  ",464.0,22.0,22.0,409.0,55.0,43.0,"II","Konus-Wind","1",0.35,"II",0.12,"II","GRB 050401 ",247.87017,2.18736
48,"050416A", ,1.52,0.6535,,,"  ",1.0,0.1,0.1,25.1,4.2,4.2,"II+SNph","Swift","2,3",0.25,"II",0.2,"II","GRB 050416A",188.4775,21.05741
49,"050505 ", ,11.2,4.27,,,"  ",176.0,26.1,26.1,661.0,245.0,245.0,"II","Swift","3",0.84,"II",0.25,"II","GRB 050505 ",141.76375,30.27325
50,"050509B", ,0.04,0.2248,,,"  ",0.0024,0.0044,0.001,100.0,748.0,98.0,"I","Swift","7",11.2,"I ",55.8,"I ","GRB 050509B",189.075,29.02333
51,"050525A", ,4.4,0.606,,,"  ",28.08,0.61,0.61,128.5,3.2,3.2,"II+SNsp","Konus-Wind","1,2",0.34,"II",0.16,"II","GRB 050525A",278.13567,26.33954
52,"050603 ", ,2.9,2.821,,,"  ",947.0,63.0,63.0,913.0,245.0,130.0,"II","Konus-Wind","1",0.59,"II",0.35,"II","GRB 050603 ",39.98683,-25.18192
53,"050709A", ,0.06,0.1606,,,"  ",0.027,0.011,0.011,96.3,20.9,13.9,"I+EE","HETE-2","7",4.08,"I ",16.7,"I ","GRB 050709 ",345.36233,-38.97764
54,"050724A", ,2.4,0.2576,,,"  ",0.09,0.11,0.02,138.0,503.0,57.0,"I+EE","Swift","7,8",3.62,"I ",2.33,"II","GRB 050724A",246.185,-27.54108
55,"050803 ", ,61.8,0.422,,,"  ",1.86,0.4,0.4,138.0,48.0,48.0,"II","Swift","3",1.08,"II",0.14,"II","GRB 050803 ",350.65796,5.78583
56,"050813A", ,0.35,0.72,,,"  ",0.15,0.25,0.08,361.0,1221.0,224.0,"I","Swift","7",7.71,"I ",13.0,"I ","GRB 050813 ",241.98829,11.24939
57,"050814 ", ,24.0,5.3,0.3,0.3,"PH",112.0,24.3,24.3,339.0,47.0,47.0,"II","Swift","3",0.51,"II",0.11,"II","GRB 050814 ",264.18912,46.33933
58,"050820 ", ,122.0,2.6147,,,"  ",1036.0,36.0,36.0,1753.0,539.0,333.0,"II","Konus-Wind","1",1.09,"II",0.1,"II","GRB 050820 ",337.40879,19.56031
59,"050904 ", ,23.9,6.29,,,"  ",1240.0,130.0,130.0,3178.0,1094.0,1094.0,"II","Swift","3",1.84,"II",0.38,"II","GRB 050904 ",13.71164,14.08595
60,"050908 ", ,4.5,3.344,,,"  ",19.7,3.2,3.2,195.0,36.0,36.0,"II","Swift","3",0.59,"II",0.28,"II","GRB 050908 ",20.46146,-12.95478
61,"050922C", ,2.0,2.198,,,"  ",53.0,17.0,17.0,415.0,111.0,111.0,"II","HETE-2","3",0.85,"II",0.6,"II","GRB 050922C",317.3875,-8.75836
62,"051008 ", ,55.4,2.77,0.15,0.2,"PH",834.0,70.0,70.0,2074.0,501.0,354.0,"II","Konus-Wind","1,9",1.41,"II",0.19,"II","GRB 051008 ",202.86708,42.13472
63,"051022 ", ,85.4,0.8,,,"  ",490.0,10.0,10.0,794.0,32.0,29.0,"II","Konus-Wind","1",0.67,"II",0.07,"II","GRB 051022 ",359.0175,19.60897
64,"051109A", ,11.9,2.346,,,"  ",71.1,8.5,8.5,569.0,268.0,141.0,"II","Konus-Wind","1",1.03,"II",0.3,"II","GRB 051109A",330.31383,40.82325
65,"051221A", ,0.14,0.5465,,,"  ",9.1,1.29,1.12,677.0,200.0,141.0,"I","Konus-Wind","10",2.8,"II",7.48,"I ","GRB 051221A",328.70261,16.89088
66,"060115 ", ,30.8,3.53,,,"  ",63.0,9.0,9.0,285.0,34.0,34.0,"II","Swift","3",0.54,"II",0.1,"II","GRB 060115 ",54.035,17.34528
67,"060121 ", ,0.28,4.6,0.5,0.5,"PH",180.0,12.0,12.0,767.0,84.0,67.0,"II","Konus-Wind","1",0.96,"II",1.82,"II","GRB 060121 ",137.46637,45.66261
68,"060124 ", ,72.2,2.297,,,"  ",328.0,15.0,15.0,788.0,112.0,86.0,"II","Konus-Wind","1,3",0.78,"II",0.09,"II","GRB 060124 ",77.10792,69.74083
69,"060206 ", ,1.51,4.048,,,"  ",43.0,9.0,9.0,394.0,46.0,46.0,"II","Swift","3",0.88,"II",0.71,"II","GRB 060206 ",202.93092,35.051
70,"060210 ", ,51.9,3.91,,,"  ",415.3,57.0,57.0,575.0,186.0,186.0,"II","Swift","3",0.52,"II",0.07,"II","GRB 060210 ",57.73904,27.02622
71,"060218 ", ,2033.0,0.0331,,,"  ",0.053,0.003,0.003,4.9,0.3,0.3,"II+SNsp","Swift","2,3",0.16,"II",0.004,"II","GRB 060218 ",50.41529,16.8673
72,"060223A", ,2.09,4.41,,,"  ",42.9,6.6,6.6,339.0,63.0,63.0,"II","Swift","3",0.75,"II",0.52,"II","GRB 060223A",55.2065,-17.13011
73,"060306 ",*,23.8,1.5597,,,"  ",20.3,7.0,3.2,171.0,79.0,41.0,"II","Swift","11,12",0.51,"II",0.11,"II","GRB 060306 ",41.09512,-2.14861
74,"060418 ", ,41.4,1.489,,,"  ",130.0,30.0,30.0,572.0,143.0,143.0,"II","Konus-Wind","3",0.82,"II",0.13,"II","GRB 060418 ",236.4275,-3.63889
75,"060502A", ,4.2,1.5026,,,"  ",23.4,2.9,2.9,320.0,115.0,63.0,"II","Konus-Wind","1",0.91,"II",0.44,"II","GRB 060502A",240.927,66.60069
76,"060502B", ,0.12,0.287,,,"  ",0.433,0.053,0.053,438.0,561.0,148.0,"I","Swift","13",6.12,"I ",17.7,"I ","GRB 060502B",278.94192,52.63096
77,"060510B", ,46.6,4.94,,,"  ",367.0,28.7,28.7,575.0,227.0,227.0,"II","Swift","3",0.54,"II",0.08,"II","GRB 060510B",239.12167,78.57
78,"060522 ", ,11.6,5.11,,,"  ",77.7,15.2,15.2,427.0,79.0,79.0,"II","Swift","3",0.75,"II",0.22,"II","GRB 060522 ",322.93687,2.88633
79,"060526 ", ,70.8,3.221,,,"  ",26.0,3.0,3.0,105.0,21.0,21.0,"II","Swift","3",0.29,"II",0.03,"II","GRB 060526 ",232.8265,0.28469
80,"060605 ", ,16.6,3.78,,,"  ",28.3,4.5,4.5,490.0,251.0,251.0,"II","Swift","3",1.29,"II",0.32,"II","GRB 060605 ",322.1555,-6.05869
81,"060607A", ,25.0,3.075,,,"  ",109.0,15.5,15.5,575.0,200.0,200.0,"II","Swift","3",0.88,"II",0.18,"II","GRB 060607A",329.71,-22.49631
82,"060614A", ,4.4,0.1254,,,"  ",2.4,0.4,0.4,340.0,241.0,96.0,"I+EE","Swift","1,7,8",2.4,"II",1.14,"II","GRB 060614 ",320.88392,-53.02669
83,"060707 ", ,14.9,3.425,,,"  ",54.0,10.0,10.0,279.0,28.0,28.0,"II","Swift","3",0.57,"II",0.15,"II","GRB 060707 ",357.07917,-17.90472
84,"060714 ", ,31.0,2.711,,,"  ",134.0,9.0,9.0,234.0,109.0,109.0,"II","Swift","3",0.33,"II",0.06,"II","GRB 060714 ",227.86021,-6.56619
85,"060801A", ,0.33,1.131,,,"  ",32.7,4.9,4.9,1321.0,1379.0,439.0,"I","Swift","13",3.27,"II",5.7,"I ","GRB 060801 ",213.00537,16.98167
86,"060814 ", ,49.9,1.9229,,,"  ",414.0,25.0,25.0,1257.0,1055.0,371.0,"II","Konus-Wind","1",1.13,"II",0.16,"II","GRB 060814 ",221.3395,20.58661
87,"060904B", ,100.7,0.703,,,"  ",3.64,0.74,0.74,135.0,41.0,41.0,"II+SNph","Swift","2,3",0.81,"II",0.08,"II","GRB 060904B",58.2105,-0.72517
88,"060906 ", ,9.3,3.686,,,"  ",149.0,15.6,15.6,209.0,43.0,43.0,"II","Swift","3",0.28,"II",0.09,"II","GRB 060906 ",40.75375,30.3617
89,"060908 ", ,5.6,2.43,,,"  ",98.0,9.0,9.0,514.0,102.0,102.0,"II","Swift","3",0.82,"II",0.35,"II","GRB 060908 ",31.8265,0.342
90,"060912A", ,2.5,0.937,,,"  ",11.7,3.3,3.3,395.0,589.0,145.0,"II","Konus-Wind","1",1.48,"II",0.93,"II","GRB 060912A",5.28379,20.97192
91,"060927 ", ,3.4,5.47,,,"  ",138.0,20.0,20.0,475.0,47.0,47.0,"II","Swift","3",0.66,"II",0.36,"II","GRB 060927 ",329.54971,5.36398
92,"061006A", ,0.26,0.4377,,,"  ",3.82,0.73,0.63,909.0,260.0,191.0,"I+EE","Konus-Wind","8,10",5.32,"I ",10.4,"I ","GRB 061006 ",111.03192,-79.19864
93,"061007 ", ,25.5,1.261,,,"  ",1113.0,40.0,40.0,902.0,27.0,25.0,"II","Konus-Wind","1",0.55,"II",0.11,"II","GRB 061007 ",46.33129,-50.50069
94,"061021 ", ,13.9,0.3453,,,"  ",4.53,0.88,0.88,702.0,357.0,187.0,"II","Konus-Wind","1",3.84,"I ",1.03,"II","GRB 061021 ",145.1505,-21.9515
95,"061121 ", ,7.7,1.314,,,"  ",304.0,11.0,11.0,1405.0,120.0,106.0,"II","Konus-Wind","1",1.43,"II",0.51,"II","GRB 061121 ",147.22737,-13.19519
96,"061126 ", ,32.8,1.1588,,,"  ",300.0,30.0,30.0,1337.0,410.0,410.0,"II","Swift","3",1.37,"II",0.24,"II","GRB 061126 ",86.60192,64.21069
97,"061201A", ,0.77,0.111,,,"  ",0.168,0.029,0.029,970.0,298.0,209.0,"I","Konus-Wind","1",19.8,"I ",22.6,"I ","GRB 061201 ",332.13358,-74.57997
98,"061210A", ,0.07,0.4095,,,"  ",0.024,0.006,0.006,761.0,648.0,264.0,"I+EE","Swift","8,13",33.8,"I ",127.9,"I ","GRB 061210 ",144.52196,15.62147
99,"061217A", ,0.19,0.827,,,"  ",4.23,0.72,0.72,731.0,895.0,287.0,"I","Swift","13",4.11,"I ",9.42,"I ","GRB 061217 ",160.41383,-21.12281
100,"061222A", ,19.5,2.088,,,"  ",259.9,6.8,6.8,920.0,80.0,68.0,"II","Konus-Wind","1",1.0,"II",0.23,"II","GRB 061222A",358.26425,46.53294
101,"061222B", ,9.2,3.355,,,"  ",103.0,16.0,16.0,200.0,28.0,28.0,"II","Swift","3",0.31,"II",0.1,"II","GRB 061222B",105.3525,-25.86
102,"070110 ", ,26.4,2.352,,,"  ",55.0,15.0,15.0,370.0,170.0,170.0,"II","Swift","3",0.75,"II",0.15,"II","GRB 070110 ",0.91362,-52.97417
103,"070125 ", ,48.8,1.547,,,"  ",1278.0,64.0,64.0,947.0,92.0,79.0,"II","Konus-Wind","1",0.54,"II",0.08,"II","GRB 070125 ",117.82417,31.15133
104,"070328 ", ,17.6,2.0627,,,"  ",777.0,85.0,85.0,1182.0,181.0,144.0,"II","Konus-Wind","1",0.83,"II",0.2,"II","GRB 070328 ",65.11533,-34.06683
105,"070429B", ,0.17,0.904,,,"  ",0.475,0.071,0.071,229.0,859.0,76.0,"I","Swift","13",3.08,"II",7.48,"I ","GRB 070429B",328.01592,-38.82839
106,"070508 ", ,8.1,0.82,,,"  ",79.8,1.2,1.2,342.2,9.1,7.3,"II","Konus-Wind","1",0.59,"II",0.21,"II","GRB 070508 ",312.79921,-78.38469
107,"070521 ", ,11.8,2.0865,,,"  ",147.5,4.6,4.6,589.0,43.0,38.0,"II","Konus-Wind","1,12",0.8,"II",0.23,"II","GRB 070521 ",242.66083,30.25631
108,"070714B", ,0.65,0.923,,,"  ",6.4,1.1,1.1,1060.0,285.0,215.0,"I+EE","Konus-Wind","1,8",5.05,"I ",6.26,"I ","GRB 070714B",57.84292,28.29758
109,"070724A", ,0.27,0.457,,,"  ",0.016,0.003,0.003,119.5,7.3,7.3,"I","Swift","14",6.21,"I ",11.84,"I ","GRB 070724A",27.80867,-18.59411
110,"070729A", ,0.56,0.8,,,"PH",1.13,0.44,0.44,666.0,675.0,261.0,"I","Swift","13",6.34,"I ",8.48,"I ","GRB 070729 ",56.31683,-39.32219
111,"070809 ", ,0.44,2.187,,,"  ",1.04,0.16,0.16,464.0,223.0,223.0,"I","Swift","14",4.57,"I ",6.92,"I ","GRB 070809 ",203.7675,-22.11861
112,"071003 ", ,8.2,1.60435,,,"  ",385.0,18.0,18.0,2086.0,188.0,164.0,"II","Konus-Wind","1",1.93,"II",0.67,"II","GRB 071003 ",301.85208,10.94689
113,"071010B", ,4.4,0.947,,,"  ",14.5,1.3,1.3,107.1,7.8,9.7,"II","Konus-Wind","1",0.37,"II",0.18,"II","GRB 071010B",150.53833,45.73117
114,"071020 ", ,0.87,2.1462,,,"  ",85.0,6.9,6.9,1013.0,138.0,107.0,"II","Konus-Wind","1",1.71,"II",1.84,"II","GRB 071020 ",119.66521,32.86078
115,"071112C", ,2.9,0.8227,,,"  ",11.8,1.9,1.9,740.0,326.0,182.0,"II","Konus-Wind","1",2.76,"II",1.62,"II","GRB 071112C",39.21204,28.37136
116,"071117 ", ,0.97,1.3308,,,"  ",37.6,3.1,3.1,648.0,235.0,128.0,"II","Konus-Wind","1",1.52,"II",1.54,"II","GRB 071117 ",335.04333,-63.4435
117,"071227A", ,1.3,0.384,,,"  ",0.591,0.025,0.025,875.0,790.0,287.0,"I+EE","Konus-Wind","1,8",10.8,"I ",9.47,"I ","GRB 071227 ",58.12954,-55.98425
118,"080123A", ,0.27,0.495,,,"  ",3.2,6.59,1.47,2228.0,12723.0,1308.0,"I+EE","Konus-Wind","10,15",14.0,"I ",26.9,"I ","GRB 080123 ",338.94208,-64.9009
119,"080319B", ,23.0,0.9382,,,"  ",1567.0,19.0,19.0,1264.0,17.0,17.0,"II+SNph","Konus-Wind","1,2",0.67,"II",0.14,"II","GRB 080319B",217.921,36.30256
120,"080319C", ,3.5,1.9492,,,"  ",155.0,16.0,16.0,1864.0,472.0,333.0,"II","Konus-Wind","1",2.48,"II",1.33,"II","GRB 080319C",258.98117,55.39214
121,"080411 ", ,21.1,1.0301,,,"  ",238.5,7.7,7.7,540.0,43.0,37.0,"II","Konus-Wind","1",0.61,"II",0.13,"II","GRB 080411 ",37.97842,-71.30208
122,"080413A", ,5.2,2.433,,,"  ",72.0,12.0,12.0,659.0,381.0,148.0,"II","Konus-Wind","1",1.19,"II",0.52,"II","GRB 080413A",287.29887,-27.67767
123,"080413B", ,1.28,1.1014,,,"  ",24.0,3.0,3.0,150.0,30.0,30.0,"II","Swift","3",0.42,"II",0.37,"II","GRB 080413B",326.14425,-19.98089
124,"080514B", ,2.04,1.8,0.4,0.3,"PH",286.0,13.0,13.0,549.0,34.0,34.0,"II","Konus-Wind","1",0.57,"II",0.4,"II","GRB 080514B",322.84421,0.70842
125,"080602 ", ,23.0,1.8204,,,"  ",80.0,14.0,14.0,1128.0,2084.0,361.0,"II","Konus-Wind","1",1.96,"II",0.41,"II","GRB 080602 ",19.17575,-9.23206
126,"080603B", ,3.4,2.6892,,,"  ",100.0,17.0,17.0,373.0,137.0,66.0,"II","Konus-Wind","1",0.59,"II",0.32,"II","GRB 080603B",176.53108,68.06069
127,"080605 ", ,5.2,1.6403,,,"  ",240.1,4.7,4.7,686.0,26.0,24.0,"II","Konus-Wind","1",0.77,"II",0.34,"II","GRB 080605 ",262.12517,4.01581
128,"080607 ", ,7.1,3.0363,,,"  ",2171.0,60.0,60.0,1348.0,69.0,65.0,"II","Konus-Wind","1",0.62,"II",0.23,"II","GRB 080607 ",194.94642,15.91933
129,"080721 ", ,5.5,2.591,,,"  ",1509.0,63.0,63.0,1760.0,147.0,147.0,"II","Konus-Wind","1",0.94,"II",0.4,"II","GRB 080721 ",224.48233,-11.72358
130,"080804 ", ,10.6,2.2059,,,"  ",115.0,20.0,20.0,810.0,45.0,45.0,"II","Swift","3,12",1.21,"II",0.37,"II","GRB 080804 ",328.67458,-53.18894
131,"080810 ", ,24.4,3.35,,,"  ",450.0,50.0,50.0,1470.0,180.0,180.0,"II","Swift","3",1.28,"II",0.26,"II","GRB 080810 ",356.78333,0.30975
132,"080905A", ,0.86,0.122,,,"  ",0.66,0.1,0.1,658.0,293.0,123.0,"I","Fermi","13",7.77,"I ",8.38,"I ","GRB 080905A",287.66292,-18.86539
133,"080913 ", ,1.04,6.695,,,"  ",86.0,25.0,25.0,710.0,350.0,350.0,"II","Konus-Wind","3",1.2,"II",1.17,"II","GRB 080913 ",65.74125,-25.12739
134,"080916A", ,3.9,0.6887,,,"  ",8.49,0.7,0.7,218.0,30.0,24.0,"II","Konus-Wind","1",0.93,"II",0.47,"II","GRB 080916A",336.28875,-57.02603
135,"080916C", ,11.5,4.35,0.15,0.15,"PH",4820.0,390.0,390.0,2702.0,246.0,230.0,"II","Konus-Wind","1",0.91,"II",0.27,"II","GRB 080916C",119.84683,-56.638
136,"081007 ", ,6.5,0.5295,,,"  ",1.6,0.3,0.3,61.0,15.0,15.0,"II+SNsp","Swift","2,3",0.51,"II",0.2,"II","GRB 081007 ",339.95996,-40.14697
137,"081024B", ,0.16,3.05,,,"PH",24.4,2.2,2.2,5690.0,9060.0,4321.0,"I","Fermi","13",15.9,"I ",39.6,"I ","GRB 081024B",322.9,21.204
138,"081028 ", ,64.4,3.038,,,"  ",170.0,20.0,20.0,234.0,93.0,93.0,"II","Swift","3",0.3,"II",0.04,"II","GRB 081028 ",121.89333,2.30467
139,"081118 ", ,18.7,2.58,,,"  ",43.0,9.0,9.0,147.0,14.0,14.0,"II","Swift","3",0.33,"II",0.08,"II","GRB 081118 ",82.59283,-43.30086
140,"081121 ", ,5.5,2.512,,,"  ",235.2,9.9,9.9,892.0,77.0,63.0,"II","Konus-Wind","1",1.0,"II",0.43,"II","GRB 081121 ",89.28208,-60.61169
141,"081203A", ,96.4,2.05,,,"  ",285.0,96.0,96.0,1336.0,1854.0,497.0,"II","Konus-Wind","1",1.39,"II",0.14,"II","GRB 081203A",233.03167,63.52083
142,"081221 ", ,9.0,2.26,,,"  ",397.0,10.0,10.0,264.1,6.5,6.5,"II","Konus-Wind","1",0.24,"II",0.08,"II","GRB 081221 ",15.7925,-24.54806
143,"081222 ", ,3.2,2.77,,,"  ",178.0,12.0,12.0,724.0,94.0,72.0,"II","Konus-Wind","1",0.91,"II",0.51,"II","GRB 081222 ",22.74067,-34.09556
144,"090102 ", ,6.0,1.547,,,"  ",200.0,10.0,10.0,1100.0,107.0,92.0,"II","Konus-Wind","1",1.32,"II",0.54,"II","GRB 090102 ",128.24792,33.10714
145,"090201 ", ,21.7,2.1,,,"  ",955.0,28.0,28.0,484.0,22.0,19.0,"II","Konus-Wind","1",0.31,"II",0.07,"II","GRB 090201 ",92.05125,-46.60447
146,"090227B", ,0.49,1.61,,,"PH",283.0,15.0,15.0,5116.0,392.0,339.0,"I","Fermi","13",5.35,"I ",7.64,"I ","GRB 090227B",11.8,32.2
147,"090323 ", ,29.1,3.57,,,"  ",5810.0,440.0,440.0,1906.0,206.0,206.0,"II","Konus-Wind","1",0.6,"II",0.11,"II","GRB 090323 ",190.7095,17.05331
148,"090328 ", ,30.4,0.736,,,"  ",108.7,8.2,8.2,1297.0,187.0,151.0,"II","Konus-Wind","1",1.99,"II",0.36,"II","GRB 090328 ",90.66537,-41.88197
149,"090418 ", ,21.5,1.608,,,"  ",160.0,40.0,40.0,1567.0,384.0,384.0,"II","Swift","3",2.06,"II",0.44,"II","GRB 090418 ",269.31333,33.40611
150,"090423 ", ,1.13,8.1,,,"PH",110.0,30.0,30.0,491.0,200.0,200.0,"II","Swift","3",0.75,"II",0.71,"II","GRB 090423 ",148.88829,18.14936
151,"090424 ", ,2.8,0.544,,,"  ",38.9,0.7,0.7,250.1,9.3,9.3,"II","Konus-Wind","1",0.58,"II",0.35,"II","GRB 090424 ",189.53083,16.82942
152,"090510A", ,0.51,0.903,,,"  ",54.6,2.1,2.1,7955.0,343.0,343.0,"I","Fermi","1,16",16.1,"I ",22.5,"I ","GRB 090510A",333.5525,-26.59753
153,"090516 ", ,41.1,4.109,,,"  ",885.0,192.0,192.0,948.0,503.0,217.0,"II","Swift","3",0.63,"II",0.1,"II","GRB 090516 ",138.246,-11.848
154,"090618 ", ,67.7,0.54,,,"  ",252.9,4.9,4.9,288.0,9.2,9.2,"II+SNph","Konus-Wind","1,2,17",0.32,"II",0.04,"II","GRB 090618 ",294.0075,78.35197
155,"090709A", ,27.6,1.8,0.6,0.6,"PH",665.0,12.0,12.0,776.0,28.0,28.0,"II","Konus-Wind","1",0.58,"II",0.11,"II","GRB 090709A",289.94458,60.728
156,"090715B", ,17.8,3.0,,,"  ",205.0,19.0,19.0,540.0,104.0,76.0,"II","Konus-Wind","1",0.64,"II",0.15,"II","GRB 090715B",251.33996,44.83892
157,"090812 ", ,9.5,2.452,,,"  ",271.8,9.7,9.7,1326.0,908.0,362.0,"II","Konus-Wind","1",1.41,"II",0.46,"II","GRB 090812 ",353.20208,-10.60472
158,"090902B", ,6.9,1.822,,,"  ",3050.0,20.0,20.0,2187.0,31.0,31.0,"II","Fermi","3",0.88,"II",0.34,"II","GRB 090902B",264.93858,27.32447
159,"090926A", ,4.3,2.1062,,,"  ",2111.0,53.0,53.0,1016.0,25.0,25.0,"II","Konus-Wind","1",0.48,"II",0.23,"II","GRB 090926A",353.40075,-66.32386
160,"090926B", ,49.0,1.24,,,"  ",35.5,1.2,1.2,203.8,4.5,4.5,"II","Swift","3",0.49,"II",0.07,"II","GRB 090926B",46.30958,-38.99747
161,"091003A", ,10.6,0.8969,,,"  ",106.0,1.0,1.0,922.0,45.0,45.0,"II","Fermi","3",1.43,"II",0.44,"II","GRB 091003A",251.5195,36.6253
162,"091018 ", ,2.2,0.971,,,"  ",8.0,0.9,0.9,55.0,26.0,26.0,"II","Konus-Wind","18,19",0.24,"II",0.16,"II","GRB 091018 ",32.19167,-57.55
163,"091020 ", ,10.8,1.71,,,"  ",122.0,24.0,24.0,130.0,19.0,19.0,"II","Swift","3",0.19,"II",0.06,"II","GRB 091020 ",175.73,50.97833
164,"091024 ", ,52.5,1.092,,,"  ",280.0,30.0,30.0,794.0,231.0,231.0,"II","Swift","3",0.83,"II",0.12,"II","GRB 091024 ",339.25,56.9
165,"091029 ", ,10.5,2.752,,,"  ",74.0,7.4,7.4,230.0,66.0,66.0,"II","Swift","3",0.41,"II",0.13,"II","GRB 091029 ",60.16667,-55.95353
166,"091117A", ,0.24,0.096,,,"  ",0.0418,0.0058,0.0058,711.0,238.0,167.0,"I","Konus-Wind","1",25.3,"I ",51.7,"I ","GRB 091117A",30.94542,-16.94389
167,"091127 ", ,3.3,0.49034,,,"  ",16.3,0.2,0.2,53.6,3.0,3.0,"II+SNsp","Swift","2,3",0.18,"II",0.1,"II","GRB 091127 ",36.58279,-18.95239
168,"091208B", ,7.2,1.063,,,"  ",20.1,0.7,0.7,297.5,37.1,28.7,"II","Swift","3",0.9,"II",0.33,"II","GRB 091208B",29.41042,16.88075
169,"100117A", ,0.27,0.915,,,"  ",7.8,1.0,1.0,547.0,84.0,84.0,"I","Fermi","13",2.41,"II",4.63,"I ","GRB 100117A",11.269,-1.59492
170,"100206A", ,0.09,0.408,,,"  ",0.47,0.06,0.06,708.0,69.0,69.0,"I","Fermi","13",9.58,"I ",31.9,"I ","GRB 100206A",47.16225,13.15708
171,"100414A", ,9.2,1.368,,,"  ",766.0,12.0,12.0,1486.0,29.0,29.0,"II","Fermi","3",1.04,"II",0.34,"II","GRB 100414A",192.125,8.69306
172,"100418A", ,4.9,0.6239,,,"  ",0.99,0.63,0.63,47.1,3.2,3.2,"II+SNph","Swift","2",0.47,"II",0.21,"II","GRB 100418A",256.36233,11.46164
173,"100606A", ,23.1,1.5545,,,"  ",294.0,23.0,23.0,2233.0,618.0,411.0,"II","Konus-Wind","1",2.3,"II",0.48,"II","GRB 100606A",350.62704,-66.24128
174,"100621A", ,30.0,0.542,,,"  ",44.5,2.2,2.2,163.0,14.0,12.0,"II","Konus-Wind","1",0.36,"II",0.07,"II","GRB 100621A",315.30467,-51.10625
175,"100625A", ,0.13,0.452,,,"  ",0.75,0.03,0.03,706.0,116.0,116.0,"I","Swift","13",7.92,"I ",22.0,"I ","GRB 100625A",15.79575,-39.08842
176,"100728A", ,62.3,1.567,,,"  ",1140.0,68.0,68.0,783.0,41.0,41.0,"II","Konus-Wind","1",0.47,"II",0.06,"II","GRB 100728A",88.75833,-15.25561
177,"100728B", ,3.9,2.106,,,"  ",26.6,1.1,1.1,407.0,47.0,47.0,"II","Swift","3",1.1,"II",0.56,"II","GRB 100728B",44.056,0.281
178,"100814A", ,60.8,1.44,,,"  ",75.9,5.8,5.8,312.0,32.0,27.0,"II","Konus-Wind","1",0.55,"II",0.07,"II","GRB 100814A",22.47337,-17.99544
179,"100816A", ,1.13,0.8049,,,"  ",73.0,0.2,0.2,246.7,8.5,8.5,"II","Swift","3",0.44,"II",0.42,"II","GRB 100816A",351.73983,26.5785
180,"100906A", ,33.1,1.727,,,"  ",289.0,3.0,3.0,289.0,48.0,55.0,"II","Swift","3",0.3,"II",0.05,"II","GRB 100906A",28.68413,55.6305
181,"101213A", ,21.6,0.414,,,"  ",5.4,0.4,0.4,354.0,58.0,42.0,"II","Konus-Wind","1",1.8,"II",0.39,"II","GRB 101213A",241.31362,21.89736
182,"101219A", ,0.3,0.718,,,"  ",6.51,0.36,0.36,1014.0,110.0,96.0,"I","Konus-Wind","1",4.79,"I ",8.75,"I ","GRB 101219A",74.58521,-2.53975
183,"101219B", ,21.9,0.55,,,"  ",5.9,0.4,0.4,109.0,12.0,12.0,"II+SNsp","Swift","2,3",0.54,"II",0.12,"II","GRB 101219B",12.23062,-34.56653
184,"101225A", ,3790.0,0.847,,,"  ",12.0,3.0,3.0,70.0,37.0,37.0,"II+SNph","Swift","2",0.26,"II",0.004,"II","GRB 101225A",0.19783,44.60028
185,"110205A", ,79.8,2.22,,,"  ",560.0,60.0,60.0,715.0,239.0,239.0,"II","Swift","3",0.57,"II",0.06,"II","GRB 110205A",164.62967,67.52533
186,"110213A", ,11.9,1.46,,,"  ",69.0,2.0,2.0,242.0,21.0,17.0,"II","Swift","3",0.45,"II",0.13,"II","GRB 110213A",42.96404,49.27256
187,"110213B",*,24.0,1.083,,,"  ",70.4,5.0,5.0,256.0,40.0,40.0,"II","Konus-Wind","20,21",0.47,"II",0.1,"II","GRB 110213B",41.75604,1.14625
188,"110402A", ,2.8,0.805,,,"  ",15.2,2.9,2.9,1924.0,767.0,451.0,"I+EE","Fermi","22",6.48,"I ",3.87,"I ","GRB 110402A",197.40225,61.25286
189,"110422A", ,8.1,1.77,,,"  ",747.0,11.0,11.0,429.4,8.3,8.3,"II","Konus-Wind","1",0.3,"II",0.11,"II","GRB 110422A",112.04671,75.10667
190,"110503A", ,2.6,1.613,,,"  ",212.8,9.5,9.5,575.0,31.0,31.0,"II","Konus-Wind","1",0.67,"II",0.42,"II","GRB 110503A",132.77629,52.20769
191,"110715A", ,1.56,0.82,,,"  ",49.7,3.3,3.3,217.0,13.0,13.0,"II","Konus-Wind","1",0.46,"II",0.36,"II","GRB 110715A",237.68371,-46.23515
192,"110731A", ,1.75,2.83,,,"  ",315.0,12.0,12.0,1103.0,69.0,61.0,"II","Konus-Wind","1",1.11,"II",0.84,"II","GRB 110731A",280.50412,-28.53717
193,"110918A", ,9.9,0.984,,,"  ",2705.0,99.0,99.0,667.0,79.0,69.0,"II","Konus-Wind","1",0.28,"II",0.09,"II","GRB 110918A",32.53912,-27.10544
194,"111008A", ,2.1,5.0,,,"  ",414.0,71.0,71.0,624.0,186.0,120.0,"II","Konus-Wind","1",0.56,"II",0.39,"II","GRB 111008A",60.45092,-32.70947
195,"111117A",*,0.18,2.211,,,"  ",8.9,3.4,3.4,1350.0,450.0,450.0,"I","Fermi","13,23",5.63,"I ",13.3,"I ","GRB 111117A",12.69258,23.01089
196,"111209A", ,5963.0,0.677,,,"  ",52.0,10.0,10.0,520.0,89.0,89.0,"II+SNsp","Swift","2",1.07,"II",0.014,"II","GRB 111209A",14.34433,-46.801
197,"111228A", ,29.5,0.7156,,,"  ",16.5,4.0,4.0,74.0,31.0,53.0,"II+SNph","Konus-Wind","1,2",0.24,"II",0.04,"II","GRB 111228A",150.06683,18.29783
198,"120119A", ,14.5,1.728,,,"  ",402.0,28.0,28.0,417.0,33.0,33.0,"II","Konus-Wind","1",0.38,"II",0.1,"II","GRB 120119A",120.02892,-9.08162
199,"120326A",*,24.9,1.798,,,"  ",38.2,4.1,4.1,115.0,19.0,19.0,"II","Swift","24,25",0.27,"II",0.05,"II","GRB 120326A",273.90442,69.25983
200,"120624B", ,83.8,2.1974,,,"  ",2820.0,12.0,12.0,1791.0,157.0,134.0,"II","Konus-Wind","1",0.75,"II",0.08,"II","GRB 120624B",170.88325,8.92836
201,"120711A", ,17.2,1.405,,,"  ",2037.0,46.0,46.0,2552.0,91.0,87.0,"II","Konus-Wind","1",1.21,"II",0.29,"II","GRB 120711A",94.6785,-70.99911
202,"120712A",*,4.3,4.1745,,,"  ",151.7,1.7,1.7,642.0,134.5,134.5,"II","Fermi","26,27",0.86,"II",0.42,"II","GRB 120712A",169.58817,-20.03364
203,"120716A", ,59.8,2.486,,,"  ",264.0,25.0,25.0,662.0,174.0,105.0,"II","Konus-Wind","1",0.71,"II",0.09,"II","GRB 120716A",313.05071,9.59831
204,"120724A",*,29.4,1.48,,,"  ",6.02,1.09,1.09,68.4,18.6,18.6,"II","Swift","28,29",0.33,"II",0.06,"II","GRB 120724A",245.19167,3.50917
205,"120729A", ,39.7,0.8,,,"  ",23.0,15.0,15.0,559.0,57.0,57.0,"II+SNph","Fermi","2,30",1.6,"II",0.25,"II","GRB 120729A",13.07433,49.93975
206,"120804A", ,0.33,1.3,,,"PH",6.57,0.47,0.47,283.0,62.0,41.0,"II","Konus-Wind","1",1.33,"II",2.32,"II","GRB 120804A",233.94812,-28.78247
207,"120811C",*,7.3,2.671,,,"  ",88.1,8.3,8.3,157.0,21.0,21.0,"II","Swift","31,32",0.26,"II",0.1,"II","GRB 120811C",199.68258,62.30078
208,"120909A", ,23.3,3.93,,,"  ",690.0,50.0,50.0,1652.0,123.0,123.0,"II","Konus-Wind","33",1.21,"II",0.25,"II","GRB 120909A",275.73671,-59.44858
209,"120922A",*,44.5,3.1,0.2,0.2,"PH",252.5,4.9,4.9,247.0,26.0,26.0,"II","Fermi","34,35",0.27,"II",0.04,"II","GRB 120922A",234.74862,-20.18194
210,"121128A", ,3.1,2.2,,,"  ",100.6,3.6,3.6,246.0,10.0,10.0,"II","Konus-Wind","1",0.39,"II",0.22,"II","GRB 121128A",300.5995,54.29975
211,"130215A", ,90.0,0.597,,,"  ",56.0,1.4,1.4,248.0,101.0,101.0,"II+SNsp","Fermi","2,30,36,37",0.5,"II",0.05,"II","GRB 130215A",43.48625,13.38711
212,"130408A", ,0.89,3.758,,,"  ",324.0,61.0,61.0,1289.0,176.0,205.0,"II","Konus-Wind","1",1.28,"II",1.35,"II","GRB 130408A",134.40542,-32.36081
213,"130420A",*,45.7,1.297,,,"  ",62.9,1.1,1.1,130.8,7.0,7.0,"II","Fermi","34,38",0.25,"II",0.04,"II","GRB 130420A",196.10621,59.42411
214,"130427A", ,46.1,0.3399,,,"  ",890.4,4.6,4.6,1415.0,13.0,13.0,"II+SNsp","Konus-Wind","1,2",0.94,"II",0.14,"II","GRB 130427A",173.13683,27.69894
215,"130505A", ,4.5,2.27,,,"  ",4380.0,100.0,100.0,1939.0,85.0,78.0,"II","Konus-Wind","1",0.68,"II",0.32,"II","GRB 130505A",139.34126,1.70095
216,"130514A", ,34.8,3.6,0.2,0.2,"PH",495.0,85.0,67.0,506.0,193.0,97.0,"II","Konus-Wind","39",0.42,"II",0.07,"II","GRB 130514A",296.28054,-7.97808
217,"130518A", ,8.2,2.488,,,"  ",2160.0,140.0,140.0,1158.0,188.0,157.0,"II","Konus-Wind","1",0.54,"II",0.19,"II","GRB 130518A",355.66579,47.46533
218,"130603B", ,0.16,0.356,,,"  ",1.96,0.1,0.1,823.0,83.0,71.0,"I","Konus-Wind","1",6.29,"I ",15.7,"I ","GRB 130603B",172.20067,17.07172
219,"130606A", ,1.74,5.913,,,"  ",283.0,52.0,52.0,2032.0,622.0,346.0,"II","Konus-Wind","40",2.12,"II",1.61,"II","GRB 130606A",249.39633,29.79622
220,"130610A",*,7.0,2.092,,,"  ",57.82,0.65,0.65,895.0,382.0,382.0,"II","Fermi","34,41",1.77,"II",0.67,"II","GRB 130610A",224.42046,28.20717
221,"130612A",*,1.9,2.006,,,"  ",7.19,0.8,0.8,186.0,32.0,32.0,"II","Fermi","42,43",0.85,"II",0.61,"II","GRB 130612A",259.79429,16.71994
222,"130701A", ,1.7,1.155,,,"  ",26.2,1.0,1.0,191.8,8.6,8.6,"II","Konus-Wind","1",0.52,"II",0.4,"II","GRB 130701A",357.22937,36.10033
223,"130702A", ,51.4,0.145,,,"  ",0.64,0.13,0.13,17.2,5.7,5.7,"II+SNsp","Swift","2,44",0.21,"II",0.03,"II","GRB 130702A",217.31154,15.77406
224,"130831A", ,11.9,0.4791,,,"  ",8.05,0.57,0.57,79.9,10.4,13.3,"II+SNsp","Konus-Wind","1,2,30",0.35,"II",0.1,"II","GRB 130831A",358.62462,29.42989
225,"130907A", ,80.6,1.238,,,"  ",3849.0,130.0,130.0,866.0,36.0,36.0,"II","Konus-Wind","1",0.32,"II",0.04,"II","GRB 130907A",215.89179,45.60753
226,"130925A", ,3341.0,0.347,,,"  ",150.0,3.0,3.0,244.0,13.0,13.0,"II","Konus-Wind","45",0.33,"II",0.006,"II","GRB 130925A",41.17658,-26.15439
227,"131004A", ,0.9,0.71,,,"  ",0.69,0.03,0.03,202.0,51.0,51.0,"I","Fermi","14",2.35,"II",2.48,"II","GRB 131004A",296.11333,-2.95861
228,"131011A",*,26.8,1.874,,,"  ",83.4,0.6,0.6,788.0,71.0,71.0,"II","Fermi","34,46",1.34,"II",0.26,"II","GRB 131011A",32.52546,-4.41181
229,"131030A", ,6.9,1.293,,,"  ",327.0,13.0,13.0,449.0,14.0,14.0,"II","Konus-Wind","1",0.44,"II",0.17,"II","GRB 131030A",345.06725,-5.36811
230,"131105A", ,41.3,1.686,,,"  ",153.0,12.0,12.0,540.0,107.0,70.0,"II","Konus-Wind","1",0.72,"II",0.11,"II","GRB 131105A",70.97292,-63.00492
231,"131108A", ,5.2,2.4,,,"  ",540.0,24.0,24.0,1217.0,105.0,88.0,"II","Konus-Wind","1",0.98,"II",0.43,"II","GRB 131108A",156.502,9.66224
232,"131117A",*,2.2,4.042,,,"  ",10.3,1.8,1.8,222.0,37.0,37.0,"II","Swift","47,48",0.87,"II",0.59,"II","GRB 131117A",332.33112,-31.76236
233,"131231A", ,17.7,0.6439,,,"  ",211.0,6.0,6.0,266.0,10.0,10.0,"II","Konus-Wind","1",0.31,"II",0.07,"II","GRB 131231A",10.68333,-1.49444
234,"140206A",*,39.3,2.73,,,"  ",2778.0,5.0,5.0,1780.0,120.0,120.0,"II","Fermi","34,49",0.75,"II",0.12,"II","GRB 140206A",145.32042,66.76186
235,"140213A", ,7.4,1.2076,,,"  ",88.8,2.4,2.4,220.8,8.8,8.8,"II","Konus-Wind","1",0.37,"II",0.14,"II","GRB 140213A",105.15492,-73.13725
236,"140226A",*,5.0,1.98,,,"  ",56.8,10.8,10.8,1234.0,235.0,235.0,"II","Konus-Wind","50,51",2.45,"II",1.1,"II","GRB 140226A",221.49217,14.99383
237,"140304A", ,5.1,5.283,,,"  ",103.0,10.0,10.0,863.0,111.0,90.0,"II","Swift","52,53",1.35,"II",0.6,"II","GRB 140304A",30.64125,33.47442
238,"140419A", ,10.8,3.956,,,"  ",2280.0,180.0,180.0,2161.0,243.0,198.0,"II","Konus-Wind","1",0.98,"II",0.3,"II","GRB 140419A",126.98983,46.24036
239,"140423A",*,22.3,3.26,,,"  ",438.0,3.0,3.0,517.0,65.0,65.0,"II","Fermi","34,54",0.45,"II",0.1,"II","GRB 140423A",197.27583,49.83842
240,"140506A", ,32.3,0.889,,,"  ",14.0,1.4,1.4,378.0,170.0,79.0,"II","Konus-Wind","1",1.32,"II",0.23,"II","GRB 140506A",276.77517,-55.63575
241,"140508A", ,73.8,1.027,,,"  ",225.0,15.0,15.0,446.0,28.0,26.0,"II","Konus-Wind","1",0.51,"II",0.06,"II","GRB 140508A",255.46646,46.78042
242,"140512A", ,81.8,0.725,,,"  ",72.5,6.1,6.1,826.0,202.0,136.0,"II","Konus-Wind","1",1.49,"II",0.17,"II","GRB 140512A",289.37004,-15.09431
243,"140515A",*,3.2,6.32,,,"  ",53.8,5.8,5.8,376.0,108.0,108.0,"II","Swift","55,56",0.76,"II",0.43,"II","GRB 140515A",186.0645,15.10492
244,"140518A",*,10.6,4.707,,,"  ",59.8,5.8,5.8,251.0,43.0,43.0,"II","Swift","57,58",0.49,"II",0.15,"II","GRB 140518A",227.2525,42.41822
245,"140606B", ,4.9,0.384,,,"  ",2.5,0.2,0.2,352.0,46.0,37.0,"II+SNsp","Konus-Wind","2,59",2.44,"II",1.1,"II","GRB 140606B",328.125,32.01458
246,"140619B", ,0.14,2.67,,,"  ",26.4,1.2,1.2,4844.0,1068.0,1068.0,"I","Fermi","14",13.07,"I ",35.42,"I ","GRB 140619B",132.7,-9.7
247,"140620A",*,15.1,2.04,,,"  ",72.75,0.66,0.66,387.0,34.0,34.0,"II","Fermi","34,60",0.7,"II",0.18,"II","GRB 140620A",281.87083,49.73083
248,"140622A", ,0.07,0.959,,,"  ",0.1,0.02,0.02,86.2,15.7,15.7,"I","Swift","61",2.17,"II",8.18,"I ","GRB 140622A",317.17317,-14.41931
249,"140623A",*,38.0,1.92,,,"  ",35.32,0.44,0.44,834.0,317.0,317.0,"II","Fermi","34,62",2.0,"II",0.33,"II","GRB 140623A",225.47254,81.19139
250,"140629A", ,7.9,2.275,,,"  ",44.0,6.5,6.5,282.0,56.0,56.0,"II","Konus-Wind","63",0.62,"II",0.22,"II","GRB 140629A",248.97683,41.87686
251,"140703A",*,20.3,3.14,,,"  ",183.5,1.1,1.1,913.0,110.0,110.0,"II","Fermi","34,64",1.14,"II",0.25,"II","GRB 140703A",12.99579,45.1015
252,"140801A", ,2.7,1.32,,,"  ",55.5,1.3,1.3,250.6,7.0,7.0,"II","Konus-Wind","1",0.5,"II",0.31,"II","GRB 140801A",44.06875,30.938
253,"140808A", ,1.21,3.293,,,"  ",84.8,5.1,5.1,537.0,60.0,47.0,"II","Konus-Wind","1",0.91,"II",0.83,"II","GRB 140808A",221.22196,49.21464
254,"140903A", ,0.22,0.351,,,"  ",0.044,0.003,0.003,60.0,22.0,22.0,"I","Swift","14",2.08,"II",4.41,"I ","GRB 140903A",238.0135,27.60303
255,"140907A",*,16.2,1.21,,,"  ",27.1,0.25,0.25,313.0,21.0,21.0,"II","Fermi","34,65",0.84,"II",0.21,"II","GRB 140907A",48.14575,46.60478
256,"141004A", ,1.91,0.573,,,"  ",2.1,0.22,0.22,231.0,44.0,44.0,"II+SNph","Fermi","66,67",1.72,"II",1.24,"II","GRB 141004A",76.73379,12.81947
257,"141028A",*,9.5,2.33,,,"  ",509.5,1.2,1.2,980.0,53.0,53.0,"II","Fermi","34,68",0.81,"II",0.26,"II","GRB 141028A",322.60192,-0.23211
258,"141109A", ,23.5,2.993,,,"  ",331.0,78.0,59.0,763.0,303.0,172.0,"II","Konus-Wind","69",0.75,"II",0.16,"II","GRB 141109A",144.53083,-0.60794
259,"141212A", ,0.19,0.596,,,"  ",0.068,0.011,0.011,151.0,14.0,14.0,"I","Swift","14",4.45,"I ",10.26,"I ","GRB 141212A",39.12487,18.14719
260,"141220A", ,3.0,1.3195,,,"  ",22.9,1.2,1.2,322.0,23.0,21.0,"II","Konus-Wind","1",0.92,"II",0.53,"II","GRB 141220A",195.06542,32.14644
261,"141221A",*,9.7,1.452,,,"  ",24.57,0.35,0.35,446.0,85.0,85.0,"II","Fermi","34,70",1.24,"II",0.4,"II","GRB 141221A",198.28758,8.20508
262,"141225A",*,29.4,0.915,,,"  ",8.59,0.08,0.08,343.0,52.0,52.0,"II","Fermi","34,71",1.45,"II",0.27,"II","GRB 141225A",138.77821,33.79192
263,"150101B", ,0.02,0.093,,,"  ",0.0022,3.0E-4,3.0E-4,34.0,23.0,23.0,"I","Fermi","14",3.91,"I ",28.89,"I ","GRB 150101B",188.02075,-10.93353
264,"150120A",*,0.8,0.46,,,"  ",0.19,0.04,0.04,190.0,220.0,73.0,"I","Fermi","72,73",3.69,"I ",4.13,"I ","GRB 150120A",10.31887,33.99486
265,"150206A", ,11.4,2.087,,,"  ",619.0,45.0,45.0,704.0,71.0,68.0,"II","Konus-Wind","1",0.54,"II",0.16,"II","GRB 150206A",10.07321,-63.18222
266,"150301B",*,5.3,1.5169,,,"  ",19.94,0.18,0.18,568.0,74.0,74.0,"II","Fermi","34,74",1.72,"II",0.75,"II","GRB 150301B",89.16683,-57.96956
267,"150314A", ,3.7,1.758,,,"  ",768.0,21.0,21.0,965.0,28.0,28.0,"II","Konus-Wind","1",0.68,"II",0.35,"II","GRB 150314A",126.67008,63.83428
268,"150323A", ,96.2,0.593,,,"  ",12.56,0.69,0.69,151.0,14.0,13.0,"II","Konus-Wind","1",0.55,"II",0.06,"II","GRB 150323A",128.17804,45.46469
269,"150403A", ,6.9,2.06,,,"  ",1164.0,62.0,62.0,1141.0,104.0,95.0,"II","Konus-Wind","1",0.68,"II",0.26,"II","GRB 150403A",311.50487,-62.71114
270,"150413A", ,63.7,3.139,,,"  ",653.0,162.0,129.0,397.0,232.0,91.0,"II","Konus-Wind","75",0.3,"II",0.04,"II","GRB 150413A",190.39625,71.83942
271,"150423A", ,1.14,0.22,,,"  ",0.0075,0.0013,0.0013,146.0,43.0,43.0,"I","Swift","14",10.38,"I ",9.73,"I ","GRB 150423A",221.579,12.2835
272,"150424A", ,0.21,0.3,,,"  ",4.34,0.16,0.16,1191.0,64.0,61.0,"I+EE","Konus-Wind","1,76",6.62,"I ",14.4,"I ","GRB 150424A",152.30562,-26.63089
273,"150514A", ,1.09,0.807,,,"  ",8.78,0.78,0.78,108.0,11.0,13.0,"II","Konus-Wind","1",0.45,"II",0.43,"II","GRB 150514A",74.87687,-60.96861
274,"150727A",*,37.6,0.313,,,"  ",2.0,0.11,0.11,323.0,47.0,32.0,"II","Fermi","34,77",2.45,"II",0.4,"II","GRB 150727A",203.96883,-18.32575
275,"150818A", ,36.7,0.282,,,"  ",1.0,0.15,0.13,128.0,37.0,23.0,"II+SNsp","Konus-Wind","2,78,79",1.28,"II",0.21,"II","GRB 150818A",230.35621,68.342
276,"150821A", ,63.2,0.755,,,"  ",155.0,12.0,12.0,765.0,188.0,126.0,"II","Konus-Wind","1",1.02,"II",0.13,"II","GRB 150821A",341.91312,-57.89394
277,"151021A", ,17.1,2.33,,,"  ",1127.0,94.0,94.0,566.0,43.0,37.0,"II","Konus-Wind","1",0.34,"II",0.08,"II","GRB 151021A",337.64346,-33.19733
278,"151027A", ,64.8,0.81,,,"  ",33.0,4.1,4.1,313.0,105.0,58.0,"II","Konus-Wind","1",0.77,"II",0.1,"II","GRB 151027A",272.48696,61.35342
279,"151029A",*,3.7,1.423,,,"  ",2.88,0.37,0.37,82.0,17.0,17.0,"II","Swift","80,81",0.54,"II",0.28,"II","GRB 151029A",38.52796,-35.3855
280,"151111A",*,17.1,3.5,0.3,0.3,"PH",58.5,3.5,3.5,255.0,41.0,41.0,"II","Swift","82,83",0.5,"II",0.12,"II","GRB 151111A",56.84483,-44.1615
281,"160131A", ,55.7,0.972,,,"  ",870.0,66.0,66.0,1284.0,454.0,308.0,"II","Konus-Wind","1",0.86,"II",0.12,"II","GRB 160131A",78.16796,-7.04983
282,"160227A",*,93.6,2.38,,,"  ",55.6,3.6,3.6,222.0,55.0,55.0,"II","Swift","84,85",0.45,"II",0.05,"II","GRB 160227A",194.80712,78.67919
283,"160410A", ,0.58,1.717,,,"  ",93.0,18.0,18.0,3853.0,1429.0,973.0,"I+EE","Konus-Wind","1,86",6.29,"I ",8.26,"I ","GRB 160410A",150.68487,3.47853
284,"160509A", ,13.1,1.17,,,"  ",1130.0,100.0,100.0,625.0,63.0,59.0,"II","Konus-Wind","1",0.38,"II",0.1,"II","GRB 160509A",311.75375,76.10836
285,"160623A", ,15.8,0.367,,,"  ",253.0,3.4,3.4,755.0,19.0,19.0,"II","Konus-Wind","1",0.83,"II",0.21,"II","GRB 160623A",315.29808,42.22097
286,"160624A", ,0.13,0.483,,,"  ",0.4,0.14,0.15,1247.0,531.0,531.0,"I","Fermi","13",18.0,"I ",49.9,"I ","GRB 160624A",330.19254,29.64383
287,"160625B", ,8.7,1.406,,,"  ",5101.0,62.0,62.0,1374.0,29.0,26.0,"II","Konus-Wind","1,87",0.45,"II",0.15,"II","GRB 160625B",308.59862,6.91975
288,"160629A", ,14.9,3.332,,,"  ",389.0,14.0,14.0,1022.0,95.0,82.0,"II","Konus-Wind","1",0.94,"II",0.24,"II","GRB 160629A",4.86321,76.96733
289,"160804A",*,75.8,0.736,,,"  ",26.95,0.36,0.36,131.7,4.9,4.9,"II","Fermi","34,88",0.35,"II",0.04,"II","GRB 160804A",221.63,9.99892
290,"160821B", ,0.41,0.16,,,"  ",0.12,0.02,0.02,97.4,22.0,22.0,"I","Fermi","13",2.28,"II",3.55,"I ","GRB 160821B",279.97729,62.39176
291,"161014A", ,6.5,2.823,,,"  ",82.0,12.0,12.0,864.0,1021.0,302.0,"II","Konus-Wind","89",1.48,"II",0.58,"II","GRB 161014A",332.64758,7.46878
292,"161017A", ,10.0,2.013,,,"  ",83.0,11.0,11.0,871.0,220.0,220.0,"II","Konus-Wind","90",1.49,"II",0.47,"II","GRB 161017A",142.76887,43.12639
293,"161023A", ,13.5,2.708,,,"  ",680.0,97.0,97.0,604.0,137.0,104.0,"II","Konus-Wind","91",0.45,"II",0.12,"II","GRB 161023A",311.02167,-47.66353
294,"161117A", ,51.0,1.549,,,"  ",130.0,7.6,7.6,176.0,15.0,18.0,"II","Konus-Wind","92",0.25,"II",0.04,"II","GRB 161117A",322.05246,-29.61386
295,"161129A",*,21.9,0.645,,,"  ",7.83,0.06,0.06,352.0,37.0,37.0,"II","Fermi","34,93",1.55,"II",0.33,"II","GRB 161129A",316.22775,32.13486
296,"161219B", ,6.1,0.1475,,,"  ",0.116,0.008,0.008,71.0,19.3,19.3,"II+SNsp","Swift","94,95,96",1.68,"II",0.68,"II","GRB 161219B",91.714,-26.79158
297,"170113A",*,7.0,1.968,,,"  ",9.24,0.97,0.97,218.0,100.0,100.0,"II","Swift","97,98",0.9,"II",0.34,"II","GRB 170113A",61.74583,-71.93333
298,"170202A", ,6.5,3.645,,,"  ",170.0,40.0,40.0,1147.0,771.0,399.0,"II","Konus-Wind","99",1.47,"II",0.58,"II","GRB 170202A",152.525,5.01667
299,"170214A",*,34.8,2.53,,,"  ",3184.3,2.1,2.1,1810.0,34.0,34.0,"II","Fermi","34,100",0.72,"II",0.12,"II","GRB 170214A",256.34142,-1.88747
300,"170428A", ,0.14,0.454,,,"  ",1.86,0.32,0.98,1428.0,346.0,313.0,"I","Konus-Wind","13",11.1,"I ",29.8,"I ","GRB 170428A",330.05,26.91667
301,"170604A", ,12.9,1.329,,,"  ",47.0,6.0,6.0,512.0,168.0,112.0,"II","Konus-Wind","101",1.1,"II",0.31,"II","GRB 170604A",342.65621,-15.41239
302,"170607A",*,14.5,0.557,,,"  ",9.15,0.05,0.05,226.0,18.0,18.0,"II","Fermi","34,102",0.93,"II",0.25,"II","GRB 170607A",7.366,9.24319
303,"170705A",*,7.6,2.01,,,"  ",180.0,20.0,20.0,467.0,93.0,66.0,"II","Fermi","34,103,104",0.59,"II",0.21,"II","GRB 170705A",191.70833,18.3
304,"170817A", ,0.5,0.00968,,,"  ",4.7E-5,7.0E-6,7.0E-6,65.6,35.3,14.1,"I","Fermi","105",35.3,"I ",50.0,"I ","GRB 170817A",197.45035,-23.38148
305,"170903A",*,13.6,0.886,,,"  ",8.65,0.06,0.06,180.0,25.0,25.0,"II","Fermi","34,106",0.76,"II",0.21,"II","GRB 170903A",254.52592,34.97906
306,"171010A", ,116.7,0.3285,,,"  ",180.0,5.5,5.5,227.2,9.3,8.0,"II+SNsp","Konus-Wind","107,108",0.29,"II",0.03,"II","GRB 171010A",66.58087,-10.46331
307,"171205A", ,183.7,0.0368,,,"  ",0.0218,0.0063,0.005,125.0,141.0,37.0,"II+SNsp","Konus-Wind","109,110",5.78,"I ",0.43,"II","GRB 171205A",167.41454,-12.58853
308,"171222A",*,23.6,2.409,,,"  ",89.4,1.3,1.3,694.0,12.0,12.0,"II","Fermi","34,111",1.15,"II",0.24,"II","GRB 171222A",148.27787,35.62669
309,"180205A",*,6.4,1.409,,,"  ",9.72,0.78,0.78,205.0,34.0,34.0,"II","Fermi","34,112,113",0.83,"II",0.33,"II","GRB 180205A",126.81967,11.54239
310,"180325A", ,3.1,2.248,,,"  ",230.0,36.0,36.0,994.0,162.0,127.0,"II","Konus-Wind","114",1.13,"II",0.64,"II","GRB 180325A",157.42737,24.46353
311,"180329B",*,70.0,1.998,,,"  ",46.9,4.3,4.3,146.0,28.0,28.0,"II","Swift","115,116",0.31,"II",0.04,"II","GRB 180329B",82.90379,-23.69094
312,"180620B",*,22.1,1.1175,,,"  ",30.4,0.3,0.3,372.0,105.0,105.0,"II","Fermi","34,117",0.95,"II",0.2,"II","GRB 180620B",357.52112,-57.96242
313,"180720B",*,29.6,0.654,,,"  ",339.7,0.1,0.1,1052.0,26.0,26.0,"II","Fermi","34,118",1.02,"II",0.19,"II","GRB 180720B",0.52912,-2.91883
314,"180728A", ,15.5,0.117,,,"  ",2.33,0.1,0.1,108.0,8.0,7.0,"II","Konus-Wind","119",0.77,"II",0.2,"II","GRB 180728A",253.56517,-54.04431
315,"180914B",*,130.0,1.096,,,"  ",3700.0,161.0,161.0,977.0,61.0,57.0,"II","Konus-Wind","120,121",0.37,"II",0.03,"II","GRB 180914B",332.3565,25.06314
316,"181020A", ,6.6,2.938,,,"  ",828.0,116.0,107.0,1461.0,225.0,205.0,"II","Konus-Wind","122",0.99,"II",0.39,"II","GRB 181020A",13.98237,-47.38072
317,"181110A", ,28.0,1.505,,,"  ",110.0,20.0,20.0,120.0,35.0,68.0,"II","Konus-Wind","123",0.18,"II",0.04,"II","GRB 181110A",302.318,-36.89672
318,"181201A", ,120.0,0.45,,,"  ",100.0,5.0,5.0,220.0,9.0,9.0,"II+SNph","Konus-Wind","124,125,126,127",0.35,"II",0.03,"II","GRB 181201A",319.29667,-12.63081
319,"190106A", ,27.6,1.859,,,"  ",99.6,22.5,15.5,489.0,257.0,120.0,"II","Konus-Wind","128",0.78,"II",0.15,"II","GRB 190106A",29.88012,23.8455
320,"190114C", ,120.0,0.4245,,,"  ",270.3,2.4,2.4,929.3,9.4,9.4,"II+SNsp","Fermi","129,130,131",0.99,"II",0.09,"II","GRB 190114C",54.50492,-26.94661
