time,band,instrument,mag,abmag,e_mag,upperlimit,source
58281.3162,r,P48,20.22,20.22,,y,ZTF
58281.4800,o,ATLAS,20.20,20.20,,y,Prentice+2018
58282.1720,i,P48,19.50,19.50,,y,ATEL11738
58284.1300,g,ASASSN,18.90,18.90,,y,Prentice+2018
58285.4400,o,ATLAS,14.70,14.70,0.10,n,Prentice+2018
58286.1950,i,P48,14.32,14.32,0.03,n,ATEL11738
58287.1500,g,GROND,13.40,13.40,0.05,n,Prentice+2018
58287.1500,r,GROND,13.80,13.80,0.10,n,Prentice+2018
58287.1500,i,GROND,14.10,14.10,0.10,n,Prentice+2018
58287.1500,z,GROND,14.34,14.32,0.05,n,Prentice+2018
58287.1500,J,GROND,13.81,14.71,0.07,n,Prentice+2018
58287.1500,H,GROND,13.72,15.10,0.08,n,Prentice+2018
58287.1500,K,GROND,13.46,15.30,0.10,n,Prentice+2018
58287.2674,r,P60,13.93,13.93,0.03,n,
58288.2020,g,GROND,13.65,13.65,0.05,n,Prentice+2018
58288.2020,r,GROND,14.10,14.10,0.10,n,Prentice+2018
58288.2020,i,GROND,14.40,14.40,0.10,n,Prentice+2018
58288.2020,z,GROND,14.69,14.67,0.05,n,Prentice+2018
58288.2020,J,GROND,14.14,15.04,0.07,n,Prentice+2018
58288.2020,H,GROND,14.05,15.43,0.07,n,Prentice+2018
58288.2020,K,GROND,13.76,15.60,0.10,n,Prentice+2018
58288.2981,r,P48,14.20,14.20,0.03,n,ZTF
58288.3405,r,P60,14.18,14.18,0.03,n,
58288.4416,UVW1,UVOT,11.82,13.34,0.05,n,
58288.4421,UVU,UVOT,12.54,13.57,0.05,n,
58288.4426,UVB,UVOT,14.00,13.85,0.04,n,
58288.4442,UVW2,UVOT,11.46,13.29,0.06,n,
58288.4448,UVV,UVOT,14.09,14.06,0.05,n,
58288.4464,UVM2,UVOT,11.71,13.40,0.05,n,
58289.0227,u,IOO,13.92,13.97,0.03,n,
58289.0234,g,IOO,14.10,14.10,0.03,n,
58289.0241,r,IOO,14.35,14.35,0.03,n,
58289.0248,i,IOO,14.78,14.78,0.03,n,
58289.0255,z,IOO,15.03,15.01,0.03,n,
58289.1889,g,KPED,14.18,14.18,0.03,n,
58289.1901,r,KPED,14.43,14.43,0.04,n,
58289.1904,r,P60,14.38,14.38,0.03,n,
58289.1963,U,KPED,13.34,14.03,0.10,n,
58289.2108,r,P60,14.39,14.39,0.03,n,
58289.2229,UVW1,UVOT,12.03,13.55,0.03,n,
58289.2246,UVU,UVOT,12.90,13.92,0.05,n,
58289.2263,UVB,UVOT,14.29,14.14,0.04,n,
58289.2281,UVW2,UVOT,11.75,13.58,0.03,n,
58289.2298,UVV,UVOT,14.27,14.25,0.04,n,
58289.2331,UVM2,UVOT,11.94,13.63,0.05,n,
58289.3493,r,P60,14.34,14.34,0.03,n,
58289.6299,R,HFOSC,14.50,14.67,0.03,n,
58289.6336,I,HFOSC,14.56,15.00,0.03,n,
58289.6365,V,HFOSC,14.39,14.37,0.03,n,
58289.6397,B,HFOSC,14.53,14.39,0.03,n,
58289.6434,U,HFOSC,13.55,14.24,0.03,n,
58289.9081,H,IOI,14.28,15.66,0.03,n,
58289.9131,z,IOO,15.17,15.15,0.03,n,
58289.9136,i,IOO,14.99,14.99,0.03,n,
58289.9142,r,IOO,14.62,14.62,0.03,n,
58289.9147,g,IOO,14.48,14.48,0.03,n,
58289.9154,u,IOO,14.26,14.31,0.03,n,
58290.1050,B,IOO,14.75,14.61,0.03,n,
58290.1061,V,IOO,14.57,14.55,0.03,n,
58290.1071,r,IOO,14.69,14.69,0.03,n,
58290.1082,g,IOO,14.57,14.57,0.03,n,
58290.1093,i,IOO,15.01,15.01,0.03,n,
58290.1338,B,ANDICAM,14.68,14.54,0.09,n,
58290.1395,I,ANDICAM,14.63,15.07,0.09,n,
58290.1451,H,ANDICAM,14.38,15.76,0.03,n,
58290.1453,R,ANDICAM,14.60,14.77,0.09,n,
58290.1508,J,ANDICAM,14.61,15.50,0.03,n,
58290.1510,V,ANDICAM,14.60,14.58,0.07,n,
58290.1958,r,P60,14.71,14.71,0.03,n,
58290.2162,r,KPED,14.71,14.71,0.05,n,
58290.2189,g,KPED,14.63,14.63,0.06,n,
58290.2190,R,MLO,14.60,14.77,0.04,n,
58290.2243,U,MLO,13.74,14.43,0.07,n,
58290.2267,U,KPED,13.77,14.46,0.06,n,
58290.2271,B,MLO,14.77,14.63,0.05,n,
58290.2304,V,MLO,14.58,14.57,0.05,n,
58290.2335,I,MLO,14.66,15.10,0.04,n,
58290.2922,g,KPED,14.70,14.70,0.07,n,
58290.2942,r,KPED,14.79,14.79,0.04,n,
58290.4000,J,P200,14.80,15.70,0.03,n,
58290.4000,Ks,P200,14.23,16.07,0.03,n,
58290.4893,UVM2,UVOT,12.64,14.34,0.05,n,
58290.5041,UVW2,UVOT,12.38,14.22,0.06,n,
58290.6549,R,HFOSC,14.89,15.06,0.03,n,
58290.6579,I,HFOSC,14.89,15.33,0.03,n,
58290.6613,V,HFOSC,14.83,14.81,0.03,n,
58290.6652,B,HFOSC,15.02,14.88,0.03,n,
58290.6697,U,HFOSC,13.94,14.63,0.03,n,
58290.6932,UVW1,UVOT,12.65,14.18,0.03,n,
58290.6950,UVU,UVOT,13.49,14.52,0.05,n,
58290.6967,UVB,UVOT,15.04,14.89,0.04,n,
58290.6984,UVW2,UVOT,12.45,14.29,0.03,n,
58290.7001,UVV,UVOT,14.91,14.88,0.05,n,
58290.7609,r,SLT,15.11,15.11,0.15,n,
58290.7613,i,SLT,15.30,15.30,0.12,n,
58290.7618,V,SLT,14.92,14.90,0.03,n,
58290.8954,H,IOI,14.84,16.22,0.03,n,
58290.9013,z,IOO,15.50,15.48,0.03,n,
58290.9018,i,IOO,15.31,15.31,0.03,n,
58290.9024,r,IOO,15.05,15.05,0.03,n,
58290.9029,g,IOO,14.94,14.94,0.03,n,
58290.9036,u,IOO,14.61,14.66,0.03,n,
58291.0128,B,IOO,15.16,15.02,0.03,n,
58291.0133,V,IOO,15.00,14.98,0.03,n,
58291.0139,r,IOO,15.10,15.10,0.03,n,
58291.0145,g,IOO,14.99,14.99,0.03,n,
58291.0151,i,IOO,15.35,15.35,0.03,n,
58291.1422,B,ANDICAM,15.16,15.02,0.05,n,
58291.1479,I,ANDICAM,14.96,15.40,0.08,n,
58291.1535,H,ANDICAM,14.95,16.33,0.06,n,
58291.1537,R,ANDICAM,15.02,15.19,0.07,n,
58291.1592,J,ANDICAM,15.18,16.07,0.03,n,
58291.1594,V,ANDICAM,15.06,15.05,0.07,n,
58291.1742,g,KPED,15.09,15.09,0.06,n,
58291.1749,r,KPED,15.17,15.17,0.05,n,
58291.1809,U,KPED,14.14,14.83,0.09,n,
58291.1955,R,MLO,15.02,15.19,0.05,n,
58291.2016,U,MLO,14.09,14.78,0.03,n,
58291.2084,B,MLO,15.14,15.00,0.06,n,
58291.2159,V,MLO,15.01,14.99,0.03,n,
58291.2226,I,MLO,15.02,15.46,0.03,n,
58291.2231,r,P60,15.13,15.13,0.03,n,
58291.2738,r,P48,15.16,15.16,0.04,n,ZTF
58291.5574,UVW1,UVOT,12.96,14.48,0.05,n,
58291.6946,UVU,UVOT,13.76,14.78,0.05,n,
58291.6963,UVB,UVOT,15.34,15.19,0.04,n,
58291.6981,UVW2,UVOT,12.77,14.61,0.03,n,
58291.6998,UVV,UVOT,15.25,15.23,0.05,n,
58291.7050,UVM2,UVOT,12.97,14.66,0.05,n,
58291.9193,H,IOI,15.05,16.43,0.03,n,
58291.9243,z,IOO,15.68,15.66,0.03,n,
58291.9253,i,IOO,15.51,15.51,0.03,n,
58291.9264,r,IOO,15.33,15.33,0.03,n,
58291.9275,g,IOO,15.20,15.20,0.03,n,
58291.9287,u,IOO,14.89,14.94,0.03,n,
58292.0204,B,IOO,15.37,15.23,0.03,n,
58292.0210,V,IOO,15.25,15.23,0.03,n,
58292.0216,r,IOO,15.36,15.36,0.03,n,
58292.0222,g,IOO,15.22,15.22,0.03,n,
58292.0228,i,IOO,15.55,15.55,0.03,n,
58292.0809,UVU,UVOT,13.86,14.88,0.05,n,
58292.0926,UVW2,UVOT,12.88,14.72,0.07,n,
58292.1440,B,ANDICAM,15.34,15.20,0.06,n,
58292.1497,I,ANDICAM,15.17,15.61,0.07,n,
58292.1555,R,ANDICAM,15.33,15.50,0.06,n,
58292.1568,J,ANDICAM,15.39,16.28,0.03,n,
58292.1612,V,ANDICAM,15.28,15.26,0.07,n,
58292.1668,H,ANDICAM,15.21,16.59,0.05,n,
58292.1807,r,P60,15.41,15.41,0.03,n,
58292.1866,g,KPED,15.22,15.22,0.04,n,
58292.1866,r,KPED,15.39,15.39,0.03,n,
58292.1962,U,KPED,14.34,15.03,0.03,n,
58292.2472,i,RATIR,15.59,15.59,0.03,n,
58292.2473,g,RATIR,15.28,15.28,0.03,n,
58292.2477,r,RATIR,15.41,15.41,0.03,n,
58292.2497,I,MLO,15.25,15.69,0.06,n,
58292.2498,u,RATIR,15.03,15.08,0.03,n,
58292.2565,R,MLO,15.32,15.49,0.05,n,
58292.2634,V,MLO,15.30,15.28,0.03,n,
58292.2702,B,MLO,15.37,15.23,0.03,n,
58292.2769,U,MLO,14.27,14.96,0.10,n,
58292.2795,UVW1,UVOT,13.25,14.77,0.03,n,
58292.2812,UVU,UVOT,13.90,14.92,0.05,n,
58292.2829,UVB,UVOT,15.49,15.34,0.05,n,
58292.2864,UVV,UVOT,15.40,15.37,0.06,n,
58292.2920,UVM2,UVOT,13.33,15.02,0.05,n,
58292.3452,i,RATIR,15.60,15.60,0.03,n,
58292.3457,r,RATIR,15.43,15.43,0.03,n,
58292.3556,u,RATIR,15.05,15.10,0.03,n,
58292.3556,g,RATIR,15.29,15.29,0.03,n,
58292.4257,u,RATIR,15.03,15.08,0.03,n,
58292.9388,H,IOI,15.19,16.57,0.03,n,
58292.9438,z,IOO,15.82,15.80,0.03,n,
58292.9448,i,IOO,15.68,15.68,0.03,n,
58292.9459,r,IOO,15.53,15.53,0.03,n,
58292.9470,g,IOO,15.39,15.39,0.03,n,
58292.9482,u,IOO,15.13,15.18,0.03,n,
58293.0538,B,IOO,15.54,15.40,0.03,n,
58293.0544,V,IOO,15.46,15.44,0.03,n,
58293.0549,r,IOO,15.54,15.54,0.03,n,
58293.0555,g,IOO,15.40,15.40,0.03,n,
58293.0561,i,IOO,15.70,15.70,0.03,n,
58293.1808,r,P60,15.53,15.53,0.03,n,
58293.1899,I,MLO,15.37,15.81,0.03,n,
58293.1899,U,MLO,14.46,15.15,0.03,n,
58293.1915,B,MLO,15.57,15.43,0.05,n,
58293.1917,V,MLO,15.51,15.49,0.06,n,
58293.1996,R,MLO,15.47,15.64,0.05,n,
58293.2117,r,P60,15.58,15.58,0.03,n,
58293.2440,r,P60,15.61,15.61,0.03,n,
58293.2461,g,P60,15.46,15.46,0.03,n,
58293.2481,i,P60,15.69,15.69,0.03,n,
58293.2498,r,RATIR,15.60,15.60,0.03,n,
58293.2519,u,RATIR,15.24,15.29,0.03,n,
58293.2523,u,P60,15.25,15.30,0.04,n,
58293.2696,i,RATIR,15.74,15.74,0.03,n,
58293.2697,g,RATIR,15.45,15.45,0.03,n,
58293.3617,r,RATIR,15.62,15.62,0.03,n,
58293.3711,u,RATIR,15.28,15.33,0.08,n,
58293.3782,i,RATIR,15.73,15.73,0.03,n,
58293.6751,UVW2,UVOT,13.39,15.22,0.06,n,
58293.7243,R,HFOSC,15.57,15.74,0.03,n,
58293.7270,I,HFOSC,15.40,15.84,0.03,n,
58293.7301,V,HFOSC,15.60,15.58,0.03,n,
58293.7348,B,HFOSC,15.68,15.54,0.03,n,
58293.7421,U,HFOSC,14.63,15.32,0.03,n,
58293.8105,UVW1,UVOT,13.64,15.17,0.05,n,
58293.8125,UVU,UVOT,14.32,15.34,0.05,n,
58293.8138,UVB,UVOT,15.80,15.65,0.05,n,
58293.8141,UVW2,UVOT,13.46,15.30,0.08,n,
58293.9202,H,IOI,15.19,16.57,0.03,n,
58293.9250,z,IOO,15.96,15.93,0.03,n,
58293.9261,i,IOO,15.84,15.84,0.03,n,
58293.9272,r,IOO,15.72,15.72,0.03,n,
58293.9283,g,IOO,15.60,15.60,0.03,n,
58293.9295,u,IOO,15.34,15.39,0.03,n,
58293.9304,V,IOO,15.65,15.63,0.03,n,
58294.1301,B,ANDICAM,15.74,15.60,0.10,n,
58294.1411,I,ANDICAM,15.42,15.86,0.05,n,
58294.1520,R,ANDICAM,15.59,15.76,0.06,n,
58294.1625,J,ANDICAM,15.44,16.33,0.03,n,
58294.1630,V,ANDICAM,15.74,15.72,0.03,n,
58294.1680,g,KPED,15.67,15.67,0.03,n,
58294.1727,r,KPED,15.77,15.77,0.03,n,
58294.1806,U,KPED,14.73,15.42,0.06,n,
58294.1809,r,P60,15.70,15.70,0.03,n,
58294.2022,R,MLO,15.64,15.81,0.04,n,
58294.2042,i,RATIR,15.89,15.89,0.03,n,
58294.2042,g,RATIR,15.67,15.67,0.03,n,
58294.2046,r,RATIR,15.77,15.77,0.03,n,
58294.2072,u,RATIR,15.43,15.48,0.05,n,
58294.2104,V,MLO,15.72,15.70,0.04,n,
58294.2132,r,P60,15.78,15.78,0.03,n,
58294.2153,g,P60,15.69,15.69,0.04,n,
58294.2174,i,P60,15.89,15.89,0.03,n,
58294.2215,u,P60,15.43,15.48,0.06,n,
58294.2318,B,MLO,15.79,15.65,0.05,n,
58294.2411,I,MLO,15.54,15.97,0.04,n,
58294.3078,r,P48,15.81,15.81,0.03,n,ZTF
58294.6006,UVW2,UVOT,13.96,15.80,0.12,n,
58294.6096,UVW1,UVOT,14.02,15.54,0.05,n,
58294.6112,UVU,UVOT,14.54,15.56,0.05,n,
58294.6123,UVB,UVOT,16.01,15.86,0.05,n,
58294.6150,UVM2,UVOT,13.97,15.66,0.11,n,
58294.6177,UVV,UVOT,15.97,15.94,0.07,n,
58294.6366,R,HFOSC,15.82,15.99,0.03,n,
58294.6394,I,HFOSC,15.60,16.04,0.03,n,
58294.6422,V,HFOSC,15.85,15.83,0.03,n,
58294.6455,B,HFOSC,15.90,15.76,0.03,n,
58294.6498,U,HFOSC,14.92,15.61,0.03,n,
58294.8944,H,IOI,15.49,16.87,0.03,n,
58294.9011,i,IOO,16.09,16.09,0.03,n,
58294.9021,r,IOO,15.98,15.98,0.03,n,
58294.9032,g,IOO,15.86,15.86,0.03,n,
58294.9044,u,IOO,15.63,15.68,0.07,n,
58294.9053,V,IOO,15.94,15.92,0.03,n,
58295.1518,g,KPED,15.93,15.93,0.03,n,
58295.1535,r,KPED,16.07,16.07,0.03,n,
58295.1599,U,KPED,15.00,15.69,0.05,n,
58295.1977,i,RATIR,16.15,16.15,0.03,n,
58295.1978,g,RATIR,15.94,15.94,0.03,n,
58295.1982,r,RATIR,16.07,16.07,0.03,n,
58295.2003,u,RATIR,15.66,15.71,0.04,n,
58295.2131,R,MLO,15.92,16.09,0.04,n,
58295.2162,I,MLO,15.78,16.22,0.04,n,
58295.2193,U,MLO,14.99,15.68,0.03,n,
58295.2224,B,MLO,16.03,15.89,0.03,n,
58295.2248,V,MLO,15.97,15.96,0.04,n,
58295.5787,UVW1,UVOT,14.14,15.66,0.06,n,
58295.6022,UVW2,UVOT,14.05,15.89,0.12,n,
58295.6128,UVU,UVOT,14.68,15.70,0.06,n,
58295.6134,UVB,UVOT,16.00,15.85,0.06,n,
58295.6164,UVV,UVOT,16.16,16.13,0.10,n,
58295.6177,UVM2,UVOT,14.02,15.71,0.06,n,
58295.9091,H,IOI,15.59,16.97,0.03,n,
58295.9141,z,IOO,16.34,16.32,0.03,n,
58295.9152,i,IOO,16.27,16.27,0.03,n,
58295.9163,r,IOO,16.17,16.17,0.03,n,
58295.9173,g,IOO,16.04,16.04,0.03,n,
58295.9185,u,IOO,15.82,15.87,0.03,n,
58295.9195,V,IOO,16.10,16.08,0.03,n,
58296.1643,g,KPED,16.10,16.10,0.03,n,
58296.1660,r,KPED,16.25,16.25,0.03,n,
58296.1735,U,KPED,15.20,15.89,0.03,n,
58296.2188,r,RATIR,16.27,16.27,0.03,n,
58296.2207,u,RATIR,15.85,15.90,0.03,n,
58296.2300,g,RATIR,16.10,16.10,0.03,n,
58296.2301,i,RATIR,16.33,16.33,0.03,n,
58296.3600,U,MLO,15.18,15.87,0.09,n,
58296.3625,B,MLO,16.17,16.03,0.07,n,
58296.3650,V,MLO,16.19,16.17,0.03,n,
58296.3674,R,MLO,16.12,16.29,0.03,n,
58296.3698,I,MLO,15.94,16.38,0.05,n,
58296.5382,UVU,UVOT,14.86,15.88,0.05,n,
58296.5509,UVW2,UVOT,14.24,16.07,0.08,n,
58296.6646,B,LOT,16.24,16.10,0.05,n,
58296.6677,V,LOT,16.21,16.19,0.04,n,
58296.6742,UVU,UVOT,14.85,15.87,0.05,n,
58296.6755,UVW1,UVOT,14.37,15.89,0.05,n,
58296.6779,UVB,UVOT,16.24,16.09,0.05,n,
58296.6803,UVW2,UVOT,14.36,16.20,0.07,n,
58296.6816,g,LOT,16.13,16.13,0.05,n,
58296.6827,UVV,UVOT,16.25,16.22,0.08,n,
58296.6840,r,LOT,16.31,16.31,0.03,n,
58296.6846,UVM2,UVOT,14.30,15.99,0.06,n,
58296.6865,i,LOT,16.38,16.38,0.03,n,
58296.7134,I,HFOSC,15.98,16.42,0.03,n,
58296.7323,V,HFOSC,16.23,16.21,0.03,n,
58296.7364,B,HFOSC,16.22,16.08,0.03,n,
58296.7452,U,HFOSC,15.22,15.91,0.03,n,
58296.8916,H,IOI,15.58,16.96,0.03,n,
58296.8968,z,IOO,16.45,16.43,0.03,n,
58296.8979,i,IOO,16.40,16.40,0.03,n,
58296.8990,r,IOO,16.32,16.32,0.03,n,
58296.9001,g,IOO,16.15,16.15,0.03,n,
58296.9013,u,IOO,15.94,15.99,0.03,n,
58296.9022,V,IOO,16.25,16.23,0.03,n,
58296.9028,B,IOO,16.24,16.10,0.03,n,
58297.2033,I,MLO,16.04,16.48,0.04,n,
58297.2064,U,MLO,15.24,15.93,0.03,n,
58297.2096,B,MLO,16.25,16.11,0.03,n,
58297.2120,V,MLO,16.25,16.24,0.03,n,
58297.2143,R,MLO,16.24,16.41,0.04,n,
58297.2440,r,P60,16.32,16.32,0.03,n,
58297.2764,r,P60,16.34,16.34,0.03,n,
58297.2785,g,P60,16.26,16.26,0.03,n,
58297.2805,i,P60,16.47,16.47,0.03,n,
58297.2847,u,P60,15.99,16.04,0.08,n,
58297.2934,r,P48,16.36,16.36,0.04,n,ZTF
58297.5386,UVW2,UVOT,14.46,16.30,0.07,n,
58297.6294,B,LOT,16.31,16.17,0.05,n,
58297.6325,V,LOT,16.30,16.28,0.03,n,
58297.6351,g,LOT,16.23,16.23,0.05,n,
58297.6375,r,LOT,16.43,16.43,0.03,n,
58297.6401,i,LOT,16.49,16.49,0.03,n,
58297.7977,UVW2,UVOT,14.41,16.25,0.07,n,
58297.8872,H,IOI,15.70,17.08,0.03,n,
58297.8918,z,IOO,16.54,16.52,0.03,n,
58297.8924,i,IOO,16.50,16.50,0.03,n,
58297.8931,r,IOO,16.42,16.42,0.03,n,
58297.8937,g,IOO,16.23,16.23,0.03,n,
58297.8946,u,IOO,16.02,16.07,0.05,n,
58297.8956,V,IOO,16.35,16.33,0.03,n,
58297.8962,B,IOO,16.34,16.20,0.03,n,
58298.1640,i,RATIR,16.53,16.53,0.03,n,
58298.1642,g,RATIR,16.27,16.27,0.03,n,
58298.1646,r,RATIR,16.43,16.43,0.03,n,
58298.1666,u,RATIR,16.13,16.18,0.03,n,
58298.1934,UVM2,UVOT,14.53,16.22,0.06,n,
58298.2064,UVW2,UVOT,14.44,16.28,0.08,n,
58298.3932,UVW1,UVOT,14.55,16.07,0.05,n,
58298.3953,UVU,UVOT,14.96,15.99,0.05,n,
58298.3967,UVB,UVOT,16.35,16.20,0.05,n,
58298.4001,UVW2,UVOT,14.52,16.35,0.07,n,
58298.4011,UVM2,UVOT,14.64,16.33,0.06,n,
58298.4035,UVV,UVOT,16.47,16.44,0.08,n,
58298.6297,B,SLT,16.36,16.22,0.03,n,
58298.6327,V,SLT,16.40,16.38,0.03,n,
58298.6350,R,SLT,16.24,16.41,0.03,n,
58298.6374,r,SLT,16.50,16.50,0.03,n,
58298.6397,i,SLT,16.58,16.58,0.03,n,
58298.7720,R,HFOSC,16.38,16.55,0.03,n,
58298.7778,I,HFOSC,16.15,16.59,0.03,n,
58298.7839,V,HFOSC,16.43,16.41,0.03,n,
58298.7885,B,HFOSC,16.41,16.27,0.03,n,
58298.7939,U,HFOSC,15.38,16.07,0.03,n,
58298.8973,H,IOI,15.78,17.16,0.03,n,
58298.9022,z,IOO,16.64,16.62,0.03,n,
58298.9028,i,IOO,16.59,16.59,0.03,n,
58298.9034,r,IOO,16.52,16.52,0.03,n,
58298.9040,g,IOO,16.31,16.31,0.03,n,
58298.9050,u,IOO,16.10,16.15,0.04,n,
58298.9059,V,IOO,16.44,16.42,0.03,n,
58298.9066,B,IOO,16.41,16.27,0.03,n,
58299.1624,g,KPED,16.34,16.34,0.05,n,
58299.1640,r,KPED,16.55,16.55,0.04,n,
58299.1663,i,RATIR,16.66,16.66,0.03,n,
58299.1664,g,RATIR,16.35,16.35,0.03,n,
58299.1670,r,RATIR,16.60,16.60,0.03,n,
58299.1750,J,WIRC,16.16,17.06,0.03,n,
58299.1810,H,WIRC,15.87,17.25,0.03,n,
58299.1879,Ks,WIRC,15.48,17.32,0.03,n,
58299.2012,r,P60,16.61,16.61,0.03,n,
58299.2112,r,P60,16.57,16.57,0.03,n,
58299.2429,r,P60,16.53,16.53,0.03,n,
58299.2450,g,P60,16.37,16.37,0.03,n,
58299.2471,i,P60,16.63,16.63,0.03,n,
58299.2512,u,P60,16.17,16.22,0.03,n,
58299.5198,UVW1,UVOT,14.76,16.29,0.06,n,
58299.7181,R,HFOSC,16.55,16.72,0.03,n,
58299.7205,UVW1,UVOT,14.80,16.32,0.05,n,
58299.7236,UVU,UVOT,15.14,16.17,0.05,n,
58299.7282,UVW2,UVOT,14.79,16.62,0.07,n,
58299.7341,UVM2,UVOT,14.89,16.58,0.06,n,
58299.7366,V,HFOSC,16.57,16.55,0.03,n,
58299.7430,B,HFOSC,16.55,16.41,0.03,n,
58299.7504,U,HFOSC,15.55,16.24,0.03,n,
58299.7549,I,HFOSC,16.33,16.77,0.03,n,
58299.8863,H,IOI,16.03,17.41,0.03,n,
58299.8912,z,IOO,16.79,16.77,0.03,n,
58299.8925,r,IOO,16.70,16.70,0.03,n,
58299.8931,g,IOO,16.50,16.50,0.03,n,
58299.8940,u,IOO,16.30,16.35,0.03,n,
58299.8950,V,IOO,16.58,16.56,0.03,n,
58299.8957,B,IOO,16.58,16.44,0.03,n,
58300.1576,g,KPED,16.53,16.53,0.03,n,
58300.1593,r,KPED,16.74,16.74,0.03,n,
58300.1599,Ks,WIRC,15.65,17.49,0.03,n,
58300.1689,U,KPED,15.59,16.28,0.03,n,
58300.1700,H,WIRC,16.03,17.41,0.03,n,
58300.1788,J,WIRC,16.35,17.25,0.03,n,
58300.1795,r,P60,16.74,16.74,0.03,n,
58300.2021,i,RATIR,16.85,16.85,0.03,n,
58300.2022,g,RATIR,16.53,16.53,0.03,n,
58300.2026,r,RATIR,16.76,16.76,0.03,n,
58300.2047,u,RATIR,16.25,16.30,0.03,n,
58300.3234,u,RATIR,16.33,16.38,0.03,n,
58300.3247,r,RATIR,16.78,16.78,0.03,n,
58300.3249,g,RATIR,16.55,16.55,0.03,n,
58300.3249,i,RATIR,16.84,16.84,0.03,n,
58300.3336,r,P48,16.73,16.73,0.04,n,ZTF
58300.6233,UVU,UVOT,15.37,16.39,0.05,n,
58300.6410,UVW2,UVOT,15.03,16.86,0.07,n,
58300.6512,UVW1,UVOT,14.97,16.50,0.06,n,
58300.6603,UVM2,UVOT,15.10,16.79,0.06,n,
58300.9067,H,IOI,16.03,17.41,0.03,n,
58300.9114,z,IOO,16.89,16.87,0.03,n,
58300.9120,i,IOO,16.89,16.89,0.03,n,
58300.9127,r,IOO,16.85,16.85,0.03,n,
58300.9133,g,IOO,16.61,16.61,0.03,n,
58300.9142,u,IOO,16.43,16.48,0.03,n,
58300.9152,V,IOO,16.72,16.70,0.03,n,
58300.9158,B,IOO,16.70,16.56,0.03,n,
58301.1676,Ks,WIRC,15.68,17.52,0.03,n,
58301.1833,H,WIRC,16.06,17.44,0.03,n,
58301.1967,J,WIRC,16.42,17.32,0.03,n,
58301.2077,i,RATIR,16.96,16.96,0.03,n,
58301.2077,g,RATIR,16.66,16.66,0.03,n,
58301.2081,r,RATIR,16.89,16.89,0.03,n,
58301.3219,r,RATIR,16.89,16.89,0.03,n,
58301.3223,i,RATIR,16.98,16.98,0.03,n,
58301.3227,g,RATIR,16.70,16.70,0.03,n,
58301.6483,UVW2,UVOT,15.26,17.10,0.07,n,
58301.7902,UVW1,UVOT,15.31,16.84,0.06,n,
58301.7919,UVU,UVOT,15.60,16.62,0.06,n,
58301.7936,UVW2,UVOT,15.35,17.18,0.07,n,
58301.8010,UVM2,UVOT,15.41,17.11,0.06,n,
58301.8974,H,IOI,16.19,17.57,0.03,n,
58301.9021,z,IOO,17.06,17.04,0.03,n,
58301.9028,i,IOO,17.07,17.07,0.03,n,
58301.9034,r,IOO,17.03,17.03,0.03,n,
58301.9040,g,IOO,16.79,16.79,0.03,n,
58301.9049,u,IOO,16.62,16.67,0.03,n,
58301.9059,V,IOO,16.92,16.90,0.03,n,
58301.9065,B,IOO,16.89,16.75,0.03,n,
58302.0430,UVW1,UVOT,15.39,16.91,0.06,n,
58302.0436,UVU,UVOT,15.61,16.63,0.06,n,
58302.0465,UVW2,UVOT,15.41,17.24,0.07,n,
58302.0491,UVM2,UVOT,15.40,17.09,0.06,n,
58302.1568,g,KPED,16.88,16.88,0.03,n,
58302.1586,r,KPED,17.11,17.11,0.03,n,
58302.1669,U,KPED,15.90,16.59,0.06,n,
58302.2014,i,RATIR,17.18,17.18,0.03,n,
58302.2014,g,RATIR,16.88,16.88,0.03,n,
58302.2019,r,RATIR,17.13,17.13,0.03,n,
58302.2747,r,P60,17.09,17.09,0.03,n,
58302.2813,i,RATIR,17.18,17.18,0.03,n,
58302.2813,g,RATIR,16.89,16.89,0.03,n,
58302.2817,r,RATIR,17.15,17.15,0.03,n,
58302.3064,r,P60,17.22,17.22,0.03,n,
58302.3085,g,P60,16.93,16.93,0.03,n,
58302.3106,i,P60,17.14,17.14,0.03,n,
58302.3147,u,P60,16.72,16.77,0.03,n,
58302.3838,UVM2,UVOT,15.51,17.20,0.07,n,
58302.3999,UVW2,UVOT,15.49,17.33,0.08,n,
58302.6214,F172,ASTROSAT,17.49,17.49,0.08,n,
58302.7375,F172,ASTROSAT,17.46,17.46,0.05,n,
58302.8299,F172,ASTROSAT,17.50,17.50,0.16,n,
58302.8871,H,IOI,16.19,17.57,0.03,n,
58302.8917,z,IOO,17.23,17.21,0.03,n,
58302.8924,i,IOO,17.27,17.27,0.03,n,
58302.8930,r,IOO,17.28,17.28,0.03,n,
58302.8936,g,IOO,16.99,16.99,0.03,n,
58302.8946,u,IOO,16.80,16.85,0.06,n,
58302.8955,V,IOO,17.13,17.11,0.03,n,
58302.8961,B,IOO,17.11,16.97,0.03,n,
58303.1742,UVW1,UVOT,15.57,17.10,0.06,n,
58303.1792,r,P60,17.29,17.29,0.03,n,
58303.1956,R,MLO,17.18,17.35,0.03,n,
58303.1981,I,MLO,16.89,17.33,0.04,n,
58303.2014,U,MLO,16.15,16.84,0.03,n,
58303.2044,B,MLO,17.13,16.99,0.04,n,
58303.2108,r,P60,17.31,17.31,0.03,n,
58303.2129,g,P60,17.03,17.03,0.03,n,
58303.2150,i,P60,17.31,17.31,0.03,n,
58303.2191,u,P60,16.83,16.88,0.03,n,
58303.2577,UVW2,UVOT,15.81,17.64,0.09,n,
58303.2984,r,P48,17.29,17.29,0.04,n,ZTF
58303.7814,UVW1,UVOT,15.69,17.22,0.07,n,
58303.7829,UVU,UVOT,15.85,16.88,0.06,n,
58303.7865,UVW2,UVOT,15.83,17.66,0.07,n,
58303.7910,UVM2,UVOT,15.84,17.53,0.07,n,
58303.8998,H,IOI,16.06,17.44,0.03,n,
58303.9044,z,IOO,17.23,17.21,0.03,n,
58303.9050,i,IOO,17.33,17.33,0.03,n,
58303.9057,r,IOO,17.32,17.32,0.03,n,
58303.9063,g,IOO,17.09,17.09,0.03,n,
58303.9072,u,IOO,16.91,16.96,0.03,n,
58303.9082,V,IOO,17.20,17.18,0.03,n,
58303.9088,B,IOO,17.17,17.03,0.03,n,
58304.1707,UVU,UVOT,15.95,16.98,0.06,n,
58304.1834,UVW2,UVOT,15.83,17.66,0.08,n,
58304.2527,r,P60,17.28,17.28,0.03,n,
58304.2844,r,P60,17.31,17.31,0.03,n,
58304.2865,g,P60,17.10,17.10,0.03,n,
58304.2885,i,P60,17.28,17.28,0.03,n,
58304.2927,u,P60,16.90,16.95,0.03,n,
58304.3141,i,RATIR,17.32,17.32,0.03,n,
58304.3141,g,RATIR,17.11,17.11,0.03,n,
58304.3146,r,RATIR,17.30,17.30,0.03,n,
58304.3869,i,RATIR,17.30,17.30,0.03,n,
58304.3874,r,RATIR,17.30,17.30,0.03,n,
58304.7988,R,HFOSC,17.15,17.32,0.03,n,
58304.8045,I,HFOSC,16.80,17.24,0.03,n,
58304.8103,V,HFOSC,17.21,17.19,0.03,n,
58304.8177,B,HFOSC,17.16,17.02,0.03,n,
58305.1713,UVW2,UVOT,15.84,17.68,0.07,n,
58305.2005,R,MLO,17.19,17.36,0.03,n,
58305.2028,I,MLO,16.94,17.37,0.05,n,
58305.2059,U,MLO,16.28,16.97,0.03,n,
58305.2090,B,MLO,17.21,17.07,0.03,n,
58305.2113,V,MLO,17.26,17.25,0.03,n,
58305.2926,r,P60,17.33,17.33,0.03,n,
58305.2934,r,P60,17.29,17.29,0.03,n,
58305.3238,r,P60,17.27,17.27,0.03,n,
58305.3246,r,P60,17.27,17.27,0.03,n,
58305.3268,g,RATIR,17.15,17.15,0.03,n,
58305.3356,i,RATIR,17.30,17.30,0.03,n,
58305.3357,r,RATIR,17.31,17.31,0.03,n,
58305.6355,UVW1,UVOT,15.79,17.32,0.07,n,
58305.6369,UVU,UVOT,16.02,17.05,0.07,n,
58305.6397,UVW2,UVOT,15.85,17.69,0.08,n,
58305.8862,H,IOI,16.16,17.54,0.03,n,
58305.9010,z,IOO,17.29,17.27,0.03,n,
58305.9016,i,IOO,17.35,17.35,0.03,n,
58305.9023,r,IOO,17.36,17.36,0.03,n,
58305.9029,g,IOO,17.19,17.19,0.03,n,
58305.9038,u,IOO,17.08,17.13,0.03,n,
58305.9048,V,IOO,17.28,17.26,0.03,n,
58305.9054,B,IOO,17.25,17.11,0.03,n,
58306.1897,r,P48,17.44,17.44,0.05,n,ZTF
58306.1943,g,KPED,17.26,17.26,0.03,n,
58306.1960,r,KPED,17.43,17.43,0.03,n,
58306.2184,r,P60,17.41,17.41,0.03,n,
58306.2298,UVM2,UVOT,16.01,17.70,0.08,n,
58306.2471,UVW2,UVOT,16.10,17.94,0.09,n,
58306.2488,r,P60,17.41,17.41,0.03,n,
58306.2496,r,P60,17.34,17.34,0.03,n,
58306.2667,g,RATIR,17.26,17.26,0.03,n,
58306.2757,r,RATIR,17.43,17.43,0.03,n,
58306.2759,i,RATIR,17.43,17.43,0.03,n,
58306.2800,r,P60,17.42,17.42,0.03,n,
58306.2808,r,P60,17.40,17.40,0.03,n,
58306.3111,r,P60,17.39,17.39,0.03,n,
58306.3120,r,P60,17.46,17.46,0.03,n,
58306.3423,r,P60,17.37,17.37,0.03,n,
58306.3431,r,P60,17.36,17.36,0.03,n,
58306.3475,i,RATIR,17.47,17.47,0.03,n,
58306.3846,g,RATIR,17.25,17.25,0.03,n,
58306.3850,r,RATIR,17.43,17.43,0.03,n,
58306.6311,R,HFOSC,17.35,17.52,0.03,n,
58306.6347,I,HFOSC,16.98,17.42,0.03,n,
58306.6482,V,HFOSC,17.43,17.41,0.03,n,
58306.6528,B,HFOSC,17.37,17.23,0.03,n,
58306.6582,U,HFOSC,16.44,17.13,0.03,n,
58306.7705,UVW1,UVOT,16.04,17.56,0.08,n,
58306.7721,UVU,UVOT,16.23,17.25,0.08,n,
58306.7756,UVW2,UVOT,16.08,17.92,0.09,n,
58306.7799,UVM2,UVOT,16.28,17.97,0.09,n,
58306.8871,H,IOI,16.41,17.79,0.03,n,
58306.9012,z,IOO,17.40,17.38,0.03,n,
58306.9018,i,IOO,17.51,17.51,0.03,n,
58306.9024,r,IOO,17.52,17.52,0.03,n,
58306.9030,g,IOO,17.33,17.33,0.03,n,
58306.9040,u,IOO,17.24,17.29,0.03,n,
58306.9049,V,IOO,17.46,17.44,0.03,n,
58306.9056,B,IOO,17.42,17.28,0.03,n,
58307.1594,UVW1,UVOT,16.15,17.67,0.08,n,
58307.1605,UVW1,UVOT,16.16,17.68,0.08,n,
58307.1614,UVU,UVOT,16.24,17.27,0.08,n,
58307.1619,UVU,UVOT,16.24,17.27,0.08,n,
58307.1634,UVW2,UVOT,16.22,18.06,0.14,n,
58307.1654,UVW2,UVOT,16.21,18.05,0.09,n,
58307.1682,UVM2,UVOT,16.22,17.91,0.09,n,
58307.1699,UVM2,UVOT,16.22,17.91,0.09,n,
58307.1900,r,P60,17.51,17.51,0.03,n,
58307.2217,r,P60,17.56,17.56,0.03,n,
58307.2238,g,P60,17.36,17.36,0.03,n,
58307.2258,i,P60,17.55,17.55,0.03,n,
58307.2305,r,P60,17.54,17.54,0.03,n,
58307.2494,r,P60,17.55,17.55,0.03,n,
58307.6653,B,SLT,17.52,17.38,0.03,n,
58307.6706,R,SLT,17.42,17.59,0.03,n,
58307.6729,r,SLT,17.70,17.70,0.07,n,
58307.6752,i,SLT,17.64,17.64,0.04,n,
58307.6960,UVW1,UVOT,16.19,17.71,0.07,n,
58307.7129,UVW2,UVOT,16.33,18.17,0.10,n,
58307.8887,H,IOI,16.54,17.92,0.06,n,
58307.9182,u,IOO,17.40,17.45,0.03,n,
58307.9192,g,IOO,17.47,17.47,0.03,n,
58307.9199,r,IOO,17.63,17.63,0.03,n,
58307.9206,i,IOO,17.65,17.65,0.03,n,
58307.9213,z,IOO,17.53,17.51,0.03,n,
58307.9220,B,IOO,17.56,17.42,0.03,n,
58307.9227,V,IOO,17.57,17.55,0.03,n,
58308.1544,UVW1,UVOT,16.25,17.77,0.08,n,
58308.1555,UVW1,UVOT,16.25,17.77,0.08,n,
58308.1565,UVU,UVOT,16.42,17.45,0.08,n,
58308.1571,UVU,UVOT,16.42,17.45,0.08,n,
58308.1587,UVW2,UVOT,16.45,18.29,0.09,n,
58308.1608,UVW2,UVOT,16.45,18.29,0.09,n,
58308.1640,UVM2,UVOT,16.36,18.05,0.09,n,
58308.1657,UVM2,UVOT,16.36,18.05,0.09,n,
58308.3218,i,RATIR,17.69,17.69,0.03,n,
58308.3248,g,RATIR,17.53,17.53,0.03,n,
58308.3293,r,RATIR,17.72,17.72,0.03,n,
58308.6181,R,HFOSC,17.60,17.77,0.03,n,
58308.6244,I,HFOSC,17.24,17.68,0.03,n,
58308.6275,V,HFOSC,17.69,17.67,0.03,n,
58308.6316,B,HFOSC,17.60,17.46,0.03,n,
58308.6372,U,HFOSC,16.63,17.32,0.03,n,
58308.7631,UVU,UVOT,16.45,17.47,0.06,n,
58308.7789,UVW2,UVOT,16.38,18.21,0.10,n,
58308.8877,u,IOO,17.42,17.47,0.03,n,
58308.8887,g,IOO,17.55,17.55,0.03,n,
58308.8894,r,IOO,17.75,17.75,0.03,n,
58308.8901,i,IOO,17.72,17.72,0.03,n,
58308.8907,z,IOO,17.60,17.58,0.03,n,
58308.8914,B,IOO,17.62,17.48,0.03,n,
58308.8921,V,IOO,17.68,17.66,0.03,n,
58309.2251,UVW1,UVOT,16.19,17.71,0.08,n,
58309.2266,UVU,UVOT,16.59,17.62,0.08,n,
58309.2300,UVW2,UVOT,16.38,18.21,0.09,n,
58309.2345,UVM2,UVOT,16.43,18.12,0.09,n,
58309.9148,z,IOO,17.70,17.68,0.03,n,
58309.9156,i,IOO,17.83,17.83,0.03,n,
58309.9164,r,IOO,17.84,17.84,0.03,n,
58309.9173,g,IOO,17.67,17.67,0.03,n,
58309.9185,u,IOO,17.63,17.68,0.03,n,
58309.9198,B,IOO,17.76,17.62,0.03,n,
58309.9206,V,IOO,17.75,17.73,0.03,n,
58310.2153,UVW1,UVOT,16.39,17.92,0.09,n,
58310.2168,UVU,UVOT,16.59,17.62,0.08,n,
58310.2202,UVW2,UVOT,16.61,18.45,0.10,n,
58310.2244,UVM2,UVOT,16.58,18.27,0.10,n,
58310.6845,UVM2,UVOT,16.90,18.59,0.11,n,
58310.7014,UVW1,UVOT,16.80,18.32,0.12,n,
58310.9035,H,IOI,16.76,18.14,0.03,n,
58310.9090,z,IOO,17.90,17.88,0.03,n,
58310.9099,i,IOO,18.02,18.02,0.03,n,
58310.9107,r,IOO,18.10,18.10,0.03,n,
58310.9116,g,IOO,17.90,17.90,0.03,n,
58310.9128,u,IOO,17.84,17.89,0.05,n,
58310.9140,B,IOO,18.00,17.86,0.03,n,
58310.9148,V,IOO,18.04,18.02,0.03,n,
58311.1564,UVW1,UVOT,16.87,18.39,0.11,n,
58311.1579,UVU,UVOT,16.81,17.83,0.10,n,
58311.1613,UVW2,UVOT,17.04,18.88,0.12,n,
58311.1658,UVM2,UVOT,16.87,18.57,0.11,n,
58311.1896,r,P48,18.10,18.10,0.07,n,ZTF
58311.3566,i,RATIR,18.13,18.13,0.03,n,
58311.3567,g,RATIR,17.98,17.98,0.03,n,
58311.3574,r,RATIR,18.08,18.08,0.03,n,
58311.7563,UVW1,UVOT,16.73,18.25,0.11,n,
58311.7577,UVU,UVOT,16.98,18.00,0.10,n,
58311.7608,UVW2,UVOT,16.90,18.74,0.11,n,
58311.7651,UVM2,UVOT,17.03,18.72,0.11,n,
58311.9032,z,IOO,17.90,17.88,0.03,n,
58311.9041,i,IOO,18.15,18.15,0.03,n,
58311.9049,r,IOO,18.17,18.17,0.03,n,
58311.9058,g,IOO,18.03,18.03,0.03,n,
58311.9070,u,IOO,17.97,18.02,0.03,n,
58311.9083,B,IOO,18.07,17.93,0.03,n,
58311.9091,V,IOO,18.14,18.12,0.03,n,
58311.9229,H,IOI,16.73,18.11,0.05,n,
58312.2887,i,RATIR,18.07,18.07,0.03,n,
58312.3649,g,RATIR,18.07,18.07,0.03,n,
58312.3653,r,RATIR,18.14,18.14,0.03,n,
58312.3813,i,RATIR,18.10,18.10,0.08,n,
58312.4158,UVW1,UVOT,16.93,18.45,0.10,n,
58312.4169,UVU,UVOT,16.98,18.00,0.09,n,
58312.4210,UVW2,UVOT,17.04,18.88,0.11,n,
58312.4248,UVM2,UVOT,16.98,18.67,0.10,n,
58312.9042,H,IOI,16.69,18.07,0.05,n,
58312.9095,z,IOO,17.90,17.88,0.03,n,
58312.9104,i,IOO,18.08,18.08,0.03,n,
58312.9112,r,IOO,18.19,18.19,0.03,n,
58312.9121,g,IOO,18.03,18.03,0.03,n,
58312.9133,u,IOO,18.01,18.06,0.03,n,
58312.9145,B,IOO,18.13,17.99,0.03,n,
58312.9153,V,IOO,18.13,18.11,0.03,n,
58313.1991,r,RATIR,18.17,18.17,0.04,n,
58313.2401,B,MLO,18.13,17.99,0.04,n,
58313.2408,i,RATIR,18.13,18.13,0.03,n,
58313.2409,g,RATIR,18.05,18.05,0.03,n,
58313.2531,V,MLO,18.14,18.13,0.03,n,
58313.2573,R,MLO,18.03,18.20,0.03,n,
58313.2601,I,MLO,17.68,18.11,0.03,n,
58313.2633,U,MLO,17.22,17.91,0.03,n,
58313.3201,r,RATIR,18.16,18.16,0.03,n,
58313.3314,i,RATIR,18.10,18.10,0.03,n,
58313.3416,g,RATIR,18.04,18.04,0.03,n,
58313.9127,H,IOI,16.66,18.04,0.05,n,
58313.9183,z,IOO,17.86,17.84,0.03,n,
58313.9192,i,IOO,18.13,18.13,0.03,n,
58313.9200,r,IOO,18.22,18.22,0.03,n,
58313.9209,g,IOO,18.11,18.11,0.03,n,
58313.9221,u,IOO,18.12,18.17,0.03,n,
58313.9233,B,IOO,18.18,18.04,0.03,n,
58313.9242,V,IOO,18.17,18.15,0.03,n,
58314.7506,UVW1,UVOT,17.12,18.64,0.11,n,
58314.7512,UVU,UVOT,17.22,18.24,0.11,n,
58314.7537,UVW2,UVOT,17.24,19.08,0.14,n,
58314.7568,UVM2,UVOT,17.51,19.20,0.18,n,
58314.9175,H,IOI,17.05,18.43,0.03,n,
58314.9319,z,IOO,18.03,18.01,0.03,n,
58314.9327,i,IOO,18.30,18.30,0.03,n,
58314.9336,r,IOO,18.35,18.35,0.03,n,
58314.9344,g,IOO,18.23,18.23,0.03,n,
58314.9356,u,IOO,18.22,18.27,0.03,n,
58314.9369,B,IOO,18.36,18.22,0.03,n,
58314.9377,V,IOO,18.35,18.33,0.03,n,
58315.6661,UVW1,UVOT,17.16,18.68,0.14,n,
58315.8943,H,IOI,17.17,18.55,0.08,n,
58315.9366,z,IOO,18.31,18.29,0.07,n,
58315.9375,i,IOO,18.50,18.50,0.03,n,
58315.9384,r,IOO,18.52,18.52,0.03,n,
58315.9392,g,IOO,18.38,18.38,0.03,n,
58315.9405,u,IOO,18.37,18.42,0.05,n,
58315.9417,B,IOO,18.48,18.34,0.03,n,
58315.9425,V,IOO,18.51,18.49,0.03,n,
58316.1669,i,RATIR,18.49,18.49,0.03,n,
58316.1670,g,RATIR,18.41,18.41,0.03,n,
58316.1674,r,RATIR,18.61,18.61,0.04,n,
58316.5242,UVW1,UVOT,17.28,18.80,0.11,n,
58316.5264,UVU,UVOT,17.35,18.37,0.12,n,
58316.5314,UVW2,UVOT,17.38,19.21,0.12,n,
58316.5376,UVM2,UVOT,17.57,19.26,0.14,n,
58316.8993,z,IOO,18.31,18.28,0.03,n,
58316.9009,i,IOO,18.56,18.56,0.03,n,
58316.9020,r,IOO,18.65,18.65,0.03,n,
58316.9031,g,IOO,18.50,18.50,0.03,n,
58316.9050,u,IOO,18.39,18.44,0.03,n,
58316.9067,B,IOO,18.59,18.45,0.03,n,
58316.9075,V,IOO,18.63,18.61,0.03,n,
58316.9279,H,IOI,17.39,18.77,0.08,n,
58317.9005,H,IOI,17.28,18.66,0.12,n,
58317.9509,z,IOO,18.46,18.43,0.03,n,
58317.9524,i,IOO,18.57,18.57,0.03,n,
58317.9535,r,IOO,18.69,18.69,0.03,n,
58317.9546,g,IOO,18.57,18.57,0.03,n,
58317.9558,u,IOO,18.41,18.46,0.03,n,
58317.9582,B,IOO,18.68,18.54,0.03,n,
58317.9591,V,IOO,18.67,18.65,0.04,n,
58318.9173,g,IOO,18.79,18.79,0.03,n,
58318.9184,r,IOO,18.82,18.82,0.03,n,
58318.9195,B,IOO,18.83,18.69,0.03,n,
58318.9206,z,IOO,18.46,18.44,0.04,n,
58318.9216,u,IOO,18.62,18.67,0.06,n,
58318.9263,UVW1,UVOT,17.41,18.93,0.13,n,
58318.9284,UVU,UVOT,17.75,18.77,0.15,n,
58318.9330,UVW2,UVOT,17.64,19.47,0.15,n,
58318.9389,UVM2,UVOT,17.64,19.33,0.15,n,
58319.3325,UVW1,UVOT,17.67,19.19,0.12,n,
58320.2425,UVW1,UVOT,17.56,19.09,0.14,n,
58320.2449,UVU,UVOT,17.85,18.87,0.14,n,
58320.2504,UVW2,UVOT,17.76,19.59,0.15,n,
58320.2575,UVM2,UVOT,17.84,19.53,0.16,n,
58320.9085,H,IOI,17.61,18.99,0.11,n,
58321.2115,r,P48,19.08,19.08,0.18,n,ZTF
58321.9086,H,IOI,17.71,19.09,0.08,n,
58321.9324,z,IOO,18.69,18.67,0.04,n,
58321.9339,i,IOO,19.01,19.01,0.04,n,
58321.9350,r,IOO,19.10,19.10,0.03,n,
58321.9361,g,IOO,19.00,19.00,0.03,n,
58321.9380,u,IOO,18.92,18.97,0.05,n,
58321.9397,B,IOO,19.02,18.88,0.03,n,
58321.9405,V,IOO,19.06,19.04,0.05,n,
58322.1578,i,RATIR,19.03,19.03,0.03,n,
58322.1578,g,RATIR,18.97,18.97,0.05,n,
58322.1582,r,RATIR,19.10,19.10,0.05,n,
58322.2224,J,WIRC,18.08,18.98,0.03,n,
58322.2303,U,MLO,18.14,18.83,0.08,n,
58322.2337,R,MLO,18.96,19.13,0.04,n,
58322.2354,B,MLO,19.04,18.90,0.03,n,
58322.2363,UVW1,UVOT,17.68,19.20,0.14,n,
58322.2385,UVU,UVOT,18.09,19.12,0.18,n,
58322.2385,V,MLO,19.13,19.12,0.04,n,
58322.2394,H,WIRC,17.81,19.19,0.03,n,
58322.2436,UVW2,UVOT,17.83,19.66,0.16,n,
58322.2438,I,MLO,18.64,19.08,0.04,n,
58322.2501,UVM2,UVOT,17.75,19.45,0.15,n,
58322.2565,Ks,WIRC,17.09,18.93,0.03,n,
58322.8825,z,IOO,18.74,18.71,0.04,n,
58322.8846,i,IOO,19.01,19.01,0.04,n,
58322.8860,r,IOO,19.16,19.16,0.04,n,
58322.8874,g,IOO,19.08,19.08,0.03,n,
58322.8895,u,IOO,19.04,19.09,0.07,n,
58322.8916,B,IOO,19.15,19.01,0.03,n,
58322.8929,V,IOO,19.21,19.19,0.04,n,
58322.9345,H,IOI,17.71,19.09,0.06,n,
58323.1569,i,RATIR,19.06,19.06,0.04,n,
58323.1569,g,RATIR,19.13,19.13,0.05,n,
58323.1575,r,RATIR,19.27,19.27,0.07,n,
58323.8964,z,IOO,18.85,18.82,0.05,n,
58323.8967,UVW1,UVOT,17.71,19.23,0.17,n,
58323.8981,UVU,UVOT,18.05,19.08,0.20,n,
58323.8985,i,IOO,19.12,19.12,0.05,n,
58323.8999,r,IOO,19.32,19.32,0.04,n,
58323.9013,g,IOO,19.18,19.18,0.03,n,
58323.9014,UVW2,UVOT,17.88,19.72,0.18,n,
58323.9034,u,IOO,19.07,19.12,0.05,n,
58323.9054,B,IOO,19.33,19.19,0.03,n,
58323.9055,UVM2,UVOT,17.87,19.56,0.18,n,
58323.9068,V,IOO,19.36,19.34,0.05,n,
58323.9121,H,IOI,17.84,19.22,0.08,n,
58324.1610,UVW1,UVOT,17.81,19.33,0.16,n,
58324.1618,UVU,UVOT,18.63,19.65,0.26,n,
58324.1653,UVW2,UVOT,18.18,20.02,0.19,n,
58324.1682,UVM2,UVOT,18.18,19.87,0.20,n,
58324.1762,g,RATIR,19.18,19.18,0.07,n,
58324.1764,i,RATIR,19.33,19.33,0.07,n,
58324.1767,r,RATIR,19.23,19.23,0.07,n,
58324.1983,B,MLO,19.25,19.11,0.04,n,
58324.2034,V,MLO,19.31,19.29,0.05,n,
58324.2045,U,MLO,18.25,18.94,0.03,n,
58324.2076,R,MLO,19.27,19.44,0.04,n,
58324.8885,z,IOO,19.01,18.98,0.05,n,
58324.8906,i,IOO,19.42,19.42,0.05,n,
58324.8920,r,IOO,19.40,19.40,0.05,n,
58324.8934,g,IOO,19.37,19.37,0.05,n,
58324.8955,u,IOO,19.20,19.25,0.08,n,
58324.8975,B,IOO,19.34,19.20,0.05,n,
58324.8989,V,IOO,19.46,19.44,0.06,n,
58324.9044,H,IOI,17.81,19.19,0.09,n,
58325.3575,UVW1,UVOT,18.12,19.65,0.19,n,
58325.3597,UVU,UVOT,18.34,19.37,0.20,n,
58325.3648,UVW2,UVOT,18.16,20.00,0.19,n,
58325.8804,z,IOO,18.95,18.92,0.07,n,
58325.8831,i,IOO,19.40,19.40,0.04,n,
58325.8858,r,IOO,19.50,19.50,0.04,n,
58325.8885,g,IOO,19.39,19.39,0.04,n,
58325.8912,u,IOO,19.35,19.40,0.10,n,
58325.8939,B,IOO,19.42,19.28,0.04,n,
58325.8959,V,IOO,19.46,19.44,0.05,n,
58326.1669,UVW1,UVOT,18.18,19.71,0.21,n,
58326.1686,UVU,UVOT,18.28,19.30,0.21,n,
58326.1726,UVW2,UVOT,18.18,20.02,0.21,n,
58326.2007,U,MLO,18.43,19.12,0.10,n,
58326.2075,B,MLO,19.46,19.32,0.04,n,
58326.2120,V,MLO,19.56,19.55,0.06,n,
58326.2165,R,MLO,19.39,19.56,0.04,n,
58326.9201,z,IOO,19.21,19.19,0.05,n,
58326.9228,i,IOO,19.63,19.63,0.07,n,
58326.9255,r,IOO,19.59,19.59,0.06,n,
58326.9282,g,IOO,19.49,19.49,0.05,n,
58326.9309,u,IOO,19.37,19.42,0.10,n,
58326.9336,B,IOO,19.50,19.36,0.10,n,
58326.9362,V,IOO,19.68,19.67,0.08,n,
58327.1501,UVW1,UVOT,18.27,19.79,0.20,n,
58327.1524,UVU,UVOT,18.34,19.37,0.20,n,
58327.1578,UVW2,UVOT,18.25,20.09,0.20,n,
58327.1645,UVM2,UVOT,18.33,20.03,0.21,n,
58327.1782,g,RATIR,19.58,19.58,0.03,n,
58327.1788,r,RATIR,19.72,19.72,0.03,n,
58327.1921,i,RATIR,19.71,19.71,0.03,n,
58327.9091,H,IOI,18.33,19.71,0.22,n,
58327.9282,z,IOO,19.18,19.16,0.09,n,
58327.9309,i,IOO,19.57,19.57,0.10,n,
58327.9330,r,IOO,19.90,19.90,0.10,n,
58327.9357,g,IOO,19.65,19.65,0.05,n,
58327.9384,u,IOO,19.52,19.57,0.18,n,
58327.9411,B,IOO,19.67,19.53,0.04,n,
58327.9437,V,IOO,19.76,19.75,0.15,n,
58328.1801,g,RATIR,19.61,19.61,0.03,n,
58328.1976,i,RATIR,19.82,19.82,0.04,n,
58328.2085,r,RATIR,19.74,19.74,0.04,n,
58328.9314,z,IOO,19.27,19.25,0.08,n,
58328.9341,i,IOO,19.77,19.77,0.08,n,
58328.9368,r,IOO,19.85,19.85,0.07,n,
58328.9395,g,IOO,19.66,19.66,0.05,n,
58328.9422,u,IOO,19.77,19.82,0.11,n,
58328.9455,V,IOO,19.80,19.78,0.07,n,
58328.9476,B,IOO,19.71,19.57,0.06,n,
58329.2095,UVW1,UVOT,18.42,19.94,0.23,n,
58329.2117,UVU,UVOT,19.01,20.03,0.32,n,
58329.2168,UVW2,UVOT,18.54,20.37,0.25,n,
58329.2234,UVM2,UVOT,18.82,20.52,0.29,n,
58329.9098,H,IOI,18.05,19.43,0.11,n,
58329.9305,z,IOO,19.29,19.27,0.05,n,
58329.9332,i,IOO,19.74,19.74,0.06,n,
58329.9372,r,IOO,19.91,19.91,0.06,n,
58329.9399,g,IOO,19.78,19.78,0.03,n,
58329.9426,u,IOO,19.49,19.54,0.06,n,
58329.9453,V,IOO,19.86,19.84,0.07,n,
58329.9467,B,IOO,19.79,19.65,0.05,n,
58330.8686,UVW1,UVOT,18.22,19.75,0.21,n,
58330.8706,UVU,UVOT,18.55,19.58,0.24,n,
58330.8753,UVW2,UVOT,18.54,20.37,0.25,n,
58330.8813,UVM2,UVOT,18.99,20.68,0.34,n,
58330.8983,z,IOO,19.33,19.31,0.05,n,
58330.9010,i,IOO,19.89,19.89,0.05,n,
58330.9031,r,IOO,19.79,19.79,0.03,n,
58330.9070,g,IOO,19.74,19.74,0.03,n,
58330.9091,u,IOO,19.62,19.67,0.11,n,
58330.9118,B,IOO,19.75,19.61,0.09,n,
58330.9144,V,IOO,19.95,19.93,0.06,n,
58331.9313,UVW1,UVOT,19.21,20.73,0.39,n,
58331.9335,UVU,UVOT,18.68,19.71,0.26,n,
58331.9387,UVW2,UVOT,18.59,20.43,0.26,n,
58331.9452,UVM2,UVOT,18.51,20.20,0.25,n,
58332.2630,UVW1,UVOT,18.69,20.21,0.29,n,
58332.2638,UVU,UVOT,19.37,20.39,0.45,n,
58332.2672,UVW2,UVOT,19.16,20.99,0.39,n,
58332.2701,UVM2,UVOT,18.67,20.36,0.27,n,
58333.3993,UVW1,UVOT,19.07,20.59,0.45,n,
58333.4002,UVU,UVOT,18.79,19.82,0.35,n,
58333.4025,UVW2,UVOT,18.59,20.43,0.31,n,
58333.4053,UVM2,UVOT,18.67,20.36,0.34,n,
58334.8787,z,IOO,19.81,19.79,0.13,n,
58334.8826,i,IOO,20.23,20.23,0.07,n,
58334.8866,r,IOO,20.26,20.26,0.06,n,
58334.8906,g,IOO,20.17,20.17,0.04,n,
58334.8946,u,IOO,19.86,19.91,0.13,n,
58334.8979,B,IOO,20.16,20.02,0.05,n,
58334.9005,V,IOO,20.40,20.39,0.06,n,
58335.1863,UVW1,UVOT,18.82,20.35,0.27,n,
58335.1866,UVU,UVOT,19.41,20.44,0.42,n,
58335.1916,UVW2,UVOT,18.98,20.81,0.31,n,
58335.1936,UVM2,UVOT,18.82,20.52,0.27,n,
58337.4438,UVU,UVOT,19.86,20.89,0.54,n,
58337.4441,UVW1,UVOT,19.14,20.66,0.33,n,
58337.4488,UVW2,UVOT,19.24,21.07,0.36,n,
58337.4499,UVM2,UVOT,19.28,20.97,0.34,n,
58339.8960,z,IOO,20.05,20.02,0.11,n,
58339.8990,i,IOO,20.86,20.86,0.11,n,
58339.9019,r,IOO,20.85,20.85,0.08,n,
58339.9048,g,IOO,20.69,20.69,0.06,n,
58339.9080,u,IOO,20.26,20.31,0.23,n,
58340.7028,UVW1,UVOT,19.49,21.01,0.46,n,
58340.7044,UVU,UVOT,19.11,20.13,0.34,n,
58340.7091,UVW2,UVOT,19.45,21.29,0.44,n,
58340.7143,UVM2,UVOT,20.00,21.70,0.62,n,
58345.2141,UVU,UVOT,20.46,21.48,0.85,n,
58345.2144,UVW1,UVOT,19.44,20.97,0.45,n,
58345.2182,UVW2,UVOT,20.37,22.20,0.79,n,
58345.2198,UVM2,UVOT,19.64,21.33,0.43,n,
58346.9132,z,IOO,20.62,20.59,0.18,n,
58346.9161,i,IOO,21.16,21.16,0.14,n,
58346.9190,r,IOO,21.07,21.07,0.09,n,
58346.9219,g,IOO,21.16,21.16,0.12,n,
58346.9251,u,IOO,20.77,20.82,0.13,n,
58354.4614,UVW2,UVOT,21.15,22.98,1.11,n,
58354.4632,UVM2,UVOT,21.21,22.90,1.00,n,
58354.4656,UVW1,UVOT,20.23,21.75,0.55,n,
58364.8938,r,IOO,21.99,21.99,0.11,n,
58366.8992,r,IOO,22.30,22.30,0.20,n,
58366.9047,g,IOO,22.67,22.67,0.16,n,
58366.9107,z,IOO,21.92,21.90,0.40,n,
