time,etime,time_unit,band,flux,eflux,flux_unit,upperlimit,Gext_corr,system,weight,discard,telescope,instrument,reference,comment
2434.7,269,s,R,21.1,0.4,mag,n,n,AB,1,n,TRT-SBO,TRT-SBO,10.48550/arXiv.2606.10014,
4918,900,s,r,20.97,0.04,mag,n,n,AB,1,n,LOT,LOT,GCN44070,
4928,110.5,s,Mephisto-g,21.2,0.3,mag,n,n,AB,1,n,Mephisto,Mephisto,10.48550/arXiv.2606.10014,
5130.8,313.5,s,Mephisto-i,20.9,0.4,mag,n,n,AB,1,n,Mephisto,Mephisto,10.48550/arXiv.2606.10014,
5389.9,53.3,s,Mephisto-g,20.77,0.17,mag,n,n,AB,1,n,Mephisto,Mephisto,10.48550/arXiv.2606.10014,
6045.7,53.3,s,Mephisto-g,20.9,0.2,mag,n,n,AB,1,n,Mephisto,Mephisto,10.48550/arXiv.2606.10014,
6189.3,52.6,s,Mephisto-v,19.25,0.13,mag,n,n,AB,1,n,Mephisto,Mephisto,10.48550/arXiv.2606.10014,
6193.2,53.9,s,Mephisto-r,20.2,0.1,mag,n,n,AB,1,n,Mephisto,Mephisto,10.48550/arXiv.2606.10014,
6452.1,53.3,s,Mephisto-g,20.7,0.15,mag,n,n,AB,1,n,Mephisto,Mephisto,10.48550/arXiv.2606.10014,
6594.9,52.5,s,Mephisto-v,19.19,0.12,mag,n,n,AB,1,n,Mephisto,Mephisto,10.48550/arXiv.2606.10014,
6595.8,603.4,s,Mephisto-i,20.7,0.3,mag,n,n,AB,1,n,Mephisto,Mephisto,10.48550/arXiv.2606.10014,
6598.1,53.3,s,Mephisto-r,20.2,0.1,mag,n,n,AB,1,n,Mephisto,Mephisto,10.48550/arXiv.2606.10014,
7176.7,22.5,s,Mephisto-g,20.7,0.3,mag,n,n,AB,1,n,Mephisto,Mephisto,10.48550/arXiv.2606.10014,
7461.9,150,s,Mephisto-u,21.19,0.15,mag,n,n,AB,1,n,Mephisto,Mephisto,10.48550/arXiv.2606.10014,
7464.3,150,s,Mephisto-g,20.77,0.08,mag,n,n,AB,1,n,Mephisto,Mephisto,10.48550/arXiv.2606.10014,
8020.8,150,s,Mephisto-u,21.24,0.14,mag,n,n,AB,1,n,Mephisto,Mephisto,10.48550/arXiv.2606.10014,
8023.2,150,s,Mephisto-i,20.71,0.17,mag,n,n,AB,1,n,Mephisto,Mephisto,10.48550/arXiv.2606.10014,
8023.2,150,s,Mephisto-g,20.75,0.09,mag,n,n,AB,1,n,Mephisto,Mephisto,10.48550/arXiv.2606.10014,
8417.6,150,s,Mephisto-v,19.23,0.05,mag,n,n,AB,1,n,Mephisto,Mephisto,10.48550/arXiv.2606.10014,
8420,150,s,Mephisto-r,20.18,0.06,mag,n,n,AB,1,n,Mephisto,Mephisto,10.48550/arXiv.2606.10014,
9087.5,3395.5,s,g,20,0.1,mag,n,n,AB,1,n,ALT100B,ALT100B,10.48550/arXiv.2606.10014,
9110.6,150,s,Mephisto-v,19.17,0.05,mag,n,n,AB,1,n,Mephisto,Mephisto,10.48550/arXiv.2606.10014,
9113,150,s,Mephisto-r,20.25,0.06,mag,n,n,AB,1,n,Mephisto,Mephisto,10.48550/arXiv.2606.10014,
9425.5,150,s,Mephisto-v,19.12,0.04,mag,n,n,AB,1,n,Mephisto,Mephisto,10.48550/arXiv.2606.10014,
9429.7,150,s,Mephisto-r,20.19,0.06,mag,n,n,AB,1,n,Mephisto,Mephisto,10.48550/arXiv.2606.10014,
9832.6,600.3,s,R,20.64,0.08,mag,n,n,AB,1,n,Mondy,Mondy,10.48550/arXiv.2606.10014,
10966,3359,s,r,20.4,0.2,mag,n,n,AB,1,n,ALT100B,ALT100B,10.48550/arXiv.2606.10014,
11033.3,600.3,s,R,20.44,0.06,mag,n,n,AB,1,n,Mondy,Mondy,10.48550/arXiv.2606.10014,
12234,600.3,s,R,20.76,0.08,mag,n,n,AB,1,n,Mondy,Mondy,10.48550/arXiv.2606.10014,
69250,30,s,g,19.7,0.2,mag,n,n,AB,1,n,ZTF,ZTF,GCN44084,
83902,900,s,r,19.91,0.08,mag,n,n,AB,1,n,LOT,LOT,GCN44081,
87214,300,s,g,19.48,0.08,mag,n,n,AB,1,n,LOT,LOT,GCN44081,
101782.5,1801.1,s,R,19.431,0.013,mag,n,n,AB,1,n,Mondy,Mondy,10.48550/arXiv.2606.10014,
103475,900,s,g,19,0.04,mag,n,n,AB,1,n,ALT100B,ALT100B,GCN44087,
105317,900,s,r,19.39,0.08,mag,n,n,AB,1,n,ALT100B,ALT100B,GCN44087,
149386.1,450,s,g,18.7,0.02,mag,n,n,AB,1,n,TRT-CTO,TRT-CTO,10.48550/arXiv.2606.10014,
150321.7,450,s,r,18.85,0.08,mag,n,n,AB,1,n,TRT-CTO,TRT-CTO,10.48550/arXiv.2606.10014,
157846,0,s,r,19.07,0.03,mag,n,n,AB,1,n,COLIBRI,DDRAGO,GCN44091,
174370,150,s,g,18.7,0.04,mag,n,n,AB,1,n,LOT,LOT,GCN44089,
176298,15,s,r,18.74,0.13,mag,n,n,AB,1,n,WFST,WFST,10.48550/arXiv.2606.10014,
178319,900,s,g,18.27,0.03,mag,n,n,AB,1,n,ALT100B,ALT100B,10.48550/arXiv.2606.10014,
180161,900,s,r,18.39,0.03,mag,n,n,AB,1,n,ALT100B,ALT100B,10.48550/arXiv.2606.10014,
181071.8,450,s,R,18.84,0.02,mag,n,n,AB,1,n,TRT-SBO,TRT-SBO,10.48550/arXiv.2606.10014,
182003,900,s,i,18.48,0.1,mag,n,n,AB,1,n,ALT100B,ALT100B,10.48550/arXiv.2606.10014,
182715,15,s,g,18.59,0.05,mag,n,n,AB,1,n,WFST,WFST,10.48550/arXiv.2606.10014,
201022,225,s,R,18.67,0.05,mag,n,n,AB,1,n,Astrosib-500,Astrosib-500,10.48550/arXiv.2606.10014,
217941,15,s,r,18.52,0.03,mag,n,n,AB,1,n,VLT,FORS2,GCN44105,
236629.1,300,s,r,18.28,0.02,mag,n,n,AB,1,n,TRT-CTO,TRT-CTO,10.48550/arXiv.2606.10014,
237289.9,300,s,g,18.03,0.02,mag,n,n,AB,1,n,TRT-CTO,TRT-CTO,10.48550/arXiv.2606.10014,
249786.5,11418.5,s,R,18.28,0.03,mag,n,n,AB,1,n,KAIT,KAIT,10.48550/arXiv.2606.10014,
249864.5,11418.5,s,I,18.78,0.06,mag,n,n,AB,1,n,KAIT,KAIT,10.48550/arXiv.2606.10014,
250015.5,11418.5,s,B,18.39,0.05,mag,n,n,AB,1,n,KAIT,KAIT,10.48550/arXiv.2606.10014,
250093,11607.5,s,V,18.34,0.04,mag,n,n,AB,1,n,KAIT,KAIT,10.48550/arXiv.2606.10014,
262690,15,s,r,18.24,0.09,mag,n,n,AB,1,n,WFST,WFST,10.48550/arXiv.2606.10014,
269036,15,s,g,18.05,0.03,mag,n,n,AB,1,n,WFST,WFST,10.48550/arXiv.2606.10014,
278853.3,90,s,r,18.035,0.006,mag,n,n,AB,1,n,GMG,GMG,10.48550/arXiv.2606.10014,
286517,900,s,R,18.156,0.012,mag,n,n,AB,1,n,Astrosib-500,Astrosib-500,10.48550/arXiv.2606.10014,
303677.7,15,s,r,18,0.02,mag,n,n,AB,1,n,VLT,FORS2,,
303763,363,s,r,18,0.02,mag,n,n,AB,1,n,TRT-CTO,TRT-CTO,10.48550/arXiv.2606.10014,
304417.3,364,s,g,17.8,0.01,mag,n,n,AB,1,n,TRT-CTO,TRT-CTO,10.48550/arXiv.2606.10014,
330994.5,8757.5,s,R,18.03,0.03,mag,n,n,AB,1,n,KAIT,KAIT,10.48550/arXiv.2606.10014,
331072.5,8757.5,s,I,18.19,0.04,mag,n,n,AB,1,n,KAIT,KAIT,10.48550/arXiv.2606.10014,
331223.5,8946,s,B,17.94,0.05,mag,n,n,AB,1,n,KAIT,KAIT,10.48550/arXiv.2606.10014,
331300.5,8946,s,V,17.84,0.03,mag,n,n,AB,1,n,KAIT,KAIT,10.48550/arXiv.2606.10014,
354253.1,450,s,g,17.68,0.02,mag,n,n,AB,1,n,XL-80,XL-80,10.48550/arXiv.2606.10014,
354259,150,s,g,17.9,0.3,mag,n,n,AB,1,n,TNT(Tsinghua),TNT(Tsinghua),GCN44171,
355175,450,s,r,17.9,0.02,mag,n,n,AB,1,n,XL-80,XL-80,10.48550/arXiv.2606.10014,
355180,150,s,r,17.8,0.3,mag,n,n,AB,1,n,TNT(Tsinghua),TNT(Tsinghua),GCN44171,
356095.9,450,s,i,18.27,0.03,mag,n,n,AB,1,n,XL-80,XL-80,10.48550/arXiv.2606.10014,
356101,150,s,i,17.5,0.3,mag,n,n,AB,1,n,TNT(Tsinghua),TNT(Tsinghua),GCN44171,
358187,900,s,g,17.62,0.01,mag,n,n,AB,1,n,ALT100B,ALT100B,10.48550/arXiv.2606.10014,
358245,1800,s,J,18.48,0.15,mag,n,n,AB,1,n,ALT100C,ALT100C,10.48550/arXiv.2606.10014,
360029.5,900,s,r,17.74,0.02,mag,n,n,AB,1,n,ALT100B,ALT100B,10.48550/arXiv.2606.10014,
360104,15,s,r,17.73,0.06,mag,n,n,AB,1,n,WFST,WFST,10.48550/arXiv.2606.10014,
361871.3,900,s,i,17.91,0.05,mag,n,n,AB,1,n,ALT100B,ALT100B,10.48550/arXiv.2606.10014,
369027,600,s,R,17.7991,0.0019,mag,n,n,AB,1,n,ZTSh,ZTSh,10.48550/arXiv.2606.10014,
370442,600,s,B,17.777,0.004,mag,n,n,AB,1,n,ZTSh,ZTSh,10.48550/arXiv.2606.10014,
371741,600,s,V,17.539,0.006,mag,n,n,AB,1,n,ZTSh,ZTSh,10.48550/arXiv.2606.10014,
373027,600,s,I,18.197,0.002,mag,n,n,AB,1,n,ZTSh,ZTSh,10.48550/arXiv.2606.10014,
399025.6,10,s,r,17.72,0.01,mag,n,n,AB,1,n,VLT,FORS2,,
418538.5,9331.5,s,V,17.58,0.04,mag,n,n,AB,1,n,KAIT,KAIT,10.48550/arXiv.2606.10014,
418612,9331.5,s,R,17.75,0.03,mag,n,n,AB,1,n,KAIT,KAIT,10.48550/arXiv.2606.10014,
418689.5,9331.5,s,I,18.06,0.05,mag,n,n,AB,1,n,KAIT,KAIT,10.48550/arXiv.2606.10014,
418840.5,9520,s,B,17.67,0.04,mag,n,n,AB,1,n,KAIT,KAIT,10.48550/arXiv.2606.10014,
441825.6,900,s,g,17.46,0.01,mag,n,n,AB,1,n,ALT100B,ALT100B,10.48550/arXiv.2606.10014,
444275.2,1500,s,r,17.4,0.01,mag,n,n,AB,1,n,ALT100B,ALT100B,10.48550/arXiv.2606.10014,
445592.5,450,s,g,17.34,0.01,mag,n,n,AB,1,n,XL-80,XL-80,10.48550/arXiv.2606.10014,
445598,150,s,g,17.3,0.3,mag,n,n,AB,1,n,TNT(Tsinghua),TNT(Tsinghua),GCN44171,
446519,150,s,r,17.4,0.3,mag,n,n,AB,1,n,TNT(Tsinghua),TNT(Tsinghua),GCN44171,
446663.3,600,s,r,17.58,0.01,mag,n,n,AB,1,n,XL-80,XL-80,10.48550/arXiv.2606.10014,
447977.5,450,s,i,17.89,0.02,mag,n,n,AB,1,n,XL-80,XL-80,10.48550/arXiv.2606.10014,
447983,150,s,i,17.4,0.4,mag,n,n,AB,1,n,TNT(Tsinghua),TNT(Tsinghua),GCN44171,
487230.5,450,s,i,17.61,0.03,mag,n,n,AB,1,n,TRT-CTO,TRT-CTO,10.48550/arXiv.2606.10014,
503380.5,7611.5,s,B,17.61,0.12,mag,n,n,AB,1,n,KAIT,KAIT,10.48550/arXiv.2606.10014,
505354,8560,s,V,17.01,0.07,mag,n,n,AB,1,n,KAIT,KAIT,10.48550/arXiv.2606.10014,
505428,8559,s,R,17.23,0.07,mag,n,n,AB,1,n,KAIT,KAIT,10.48550/arXiv.2606.10014,
505504.5,8558.5,s,I,17.88,0.15,mag,n,n,AB,1,n,KAIT,KAIT,10.48550/arXiv.2606.10014,
522703,150,s,g,16.68,0.01,mag,n,n,AB,1,n,TNT(Tsinghua),TNT(Tsinghua),GCN44171,
523624,150,s,i,16.46,0.02,mag,n,n,AB,1,n,TNT(Tsinghua),TNT(Tsinghua),GCN44171,
523624,150,s,r,16.58,0.01,mag,n,n,AB,1,n,TNT(Tsinghua),TNT(Tsinghua),GCN44171,
525664,300,s,g,17.332,0.005,mag,n,n,AB,1,n,WHUT,WHUT,10.48550/arXiv.2606.10014,
525787,15,s,r,17.39,0.04,mag,n,n,AB,1,n,WFST,WFST,10.48550/arXiv.2606.10014,
526306.4,300,s,r,17.363,0.008,mag,n,n,AB,1,n,WHUT,WHUT,10.48550/arXiv.2606.10014,
526950.7,300,s,i,17.603,0.015,mag,n,n,AB,1,n,WHUT,WHUT,10.48550/arXiv.2606.10014,
528732,159,s,Mephisto-i,17.682,0.013,mag,n,n,AB,1,n,Mephisto,Mephisto,10.48550/arXiv.2606.10014,
529254,15,s,g,17.35,0.017,mag,n,n,AB,1,n,WFST,WFST,10.48550/arXiv.2606.10014,
529300,15,s,g,17.376,0.017,mag,n,n,AB,1,n,WFST,WFST,10.48550/arXiv.2606.10014,
530119,7067,s,Mephisto-g,17.281,0.009,mag,n,n,AB,1,n,Mephisto,Mephisto,10.48550/arXiv.2606.10014,
532561,4623,s,Mephisto-u,18.36,0.03,mag,n,n,AB,1,n,Mephisto,Mephisto,10.48550/arXiv.2606.10014,
533276,4350,s,Mephisto-v,17.77,0.05,mag,n,n,AB,1,n,Mephisto,Mephisto,10.48550/arXiv.2606.10014,
533279,4350,s,Mephisto-z,17.89,0.03,mag,n,n,AB,1,n,Mephisto,Mephisto,10.48550/arXiv.2606.10014,
533279,4350,s,Mephisto-r,17.318,0.01,mag,n,n,AB,1,n,Mephisto,Mephisto,10.48550/arXiv.2606.10014,
545262,5780,s,R,17.422,0.01,mag,n,n,AB,1,n,MTM-500,MTM-500,10.48550/arXiv.2606.10014,
564827,300,s,g,17.22,0.02,mag,n,n,AB,1,n,TRT-CTO,TRT-CTO,10.48550/arXiv.2606.10014,
565508.3,300,s,r,17.39,0.02,mag,n,n,AB,1,n,TRT-CTO,TRT-CTO,10.48550/arXiv.2606.10014,
592784.5,7299.5,s,R,17.38,0.02,mag,n,n,AB,1,n,KAIT,KAIT,10.48550/arXiv.2606.10014,
592859.5,7298,s,I,18.08,0.06,mag,n,n,AB,1,n,KAIT,KAIT,10.48550/arXiv.2606.10014,
593010.5,6729.5,s,B,17.57,0.05,mag,n,n,AB,1,n,KAIT,KAIT,10.48550/arXiv.2606.10014,
593089,6539.5,s,V,17.32,0.03,mag,n,n,AB,1,n,KAIT,KAIT,10.48550/arXiv.2606.10014,
608416,15,s,r,17.3,0.04,mag,n,n,AB,1,n,WFST,WFST,10.48550/arXiv.2606.10014,
608462,15,s,r,17.3,0.04,mag,n,n,AB,1,n,WFST,WFST,10.48550/arXiv.2606.10014,
610823,15,s,g,17.217,0.017,mag,n,n,AB,1,n,WFST,WFST,10.48550/arXiv.2606.10014,
610869,15,s,g,17.236,0.017,mag,n,n,AB,1,n,WFST,WFST,10.48550/arXiv.2606.10014,
612310,1800,s,J,18.57,0.16,mag,n,n,AB,1,n,ALT100C,ALT100C,10.48550/arXiv.2606.10014,
622576.2,450,s,g,17.2,0.03,mag,n,n,AB,1,n,ALT100B,ALT100B,10.48550/arXiv.2606.10014,
623533.9,450,s,r,17.26,0.03,mag,n,n,AB,1,n,ALT100B,ALT100B,10.48550/arXiv.2606.10014,
624950.8,900,s,i,17.44,0.03,mag,n,n,AB,1,n,ALT100B,ALT100B,10.48550/arXiv.2606.10014,
636454,150,s,R,17.33,0.03,mag,n,n,AB,1,n,Zeiss-1000,Zeiss-1000,10.48550/arXiv.2606.10014,
707726.1,450,s,g,17.07,0.03,mag,n,n,AB,1,n,ALT100B,ALT100B,10.48550/arXiv.2606.10014,
708704.2,450,s,r,17.21,0.08,mag,n,n,AB,1,n,ALT100B,ALT100B,10.48550/arXiv.2606.10014,
785437,1800,s,J,17.91,0.11,mag,n,n,AB,1,n,ALT100C,ALT100C,10.48550/arXiv.2606.10014,
785651,450,s,g,17.08,0.05,mag,n,n,AB,1,n,XL-80,XL-80,10.48550/arXiv.2606.10014,
785960.1,450,s,r,17.03,0.05,mag,n,n,AB,1,n,XL-80,XL-80,10.48550/arXiv.2606.10014,
787945.6,450,s,i,17.5,0.3,mag,n,n,AB,1,n,XL-80,XL-80,10.48550/arXiv.2606.10014,
796123.7,678.5,s,g,17.03,0.03,mag,n,n,AB,1,n,ALT100B,ALT100B,10.48550/arXiv.2606.10014,
797314.6,491.4,s,r,17.14,0.04,mag,n,n,AB,1,n,ALT100B,ALT100B,10.48550/arXiv.2606.10014,
874453.1,679.7,s,g,16.98,0.02,mag,n,n,AB,1,n,ALT100B,ALT100B,10.48550/arXiv.2606.10014,
875832.5,679.2,s,r,17.01,0.02,mag,n,n,AB,1,n,ALT100B,ALT100B,10.48550/arXiv.2606.10014,
877552.3,1020,s,i,17.28,0.04,mag,n,n,AB,1,n,ALT100B,ALT100B,10.48550/arXiv.2606.10014,
880505,1800,s,J,18.18,0.15,mag,n,n,AB,1,n,ALT100C,ALT100C,10.48550/arXiv.2606.10014,
954752.1,600,s,r,17.01,0.05,mag,n,n,AB,1,n,XL-80,XL-80,10.48550/arXiv.2606.10014,
955060.9,600,s,i,17.32,0.1,mag,n,n,AB,1,n,XL-80,XL-80,10.48550/arXiv.2606.10014,
962740.7,639,s,g,17.03,0.03,mag,n,n,AB,1,n,ALT100B,ALT100B,10.48550/arXiv.2606.10014,
964039.2,639,s,r,16.99,0.02,mag,n,n,AB,1,n,ALT100B,ALT100B,10.48550/arXiv.2606.10014,
964761,15,s,g,17.08,0.02,mag,n,n,AB,1,n,WFST,WFST,10.48550/arXiv.2606.10014,
965977.9,1279,s,i,17.25,0.05,mag,n,n,AB,1,n,ALT100B,ALT100B,10.48550/arXiv.2606.10014,
971056,2080,s,R,17.123,0.015,mag,n,n,AB,1,n,MTM-500,MTM-500,10.48550/arXiv.2606.10014,
971430,15,s,r,17.03,0.03,mag,n,n,AB,1,n,WFST,WFST,10.48550/arXiv.2606.10014,
975259,1920,s,I,17.46,0.03,mag,n,n,AB,1,n,MTM-500,MTM-500,10.48550/arXiv.2606.10014,
1050757.5,15,s,g,17.15,0.015,mag,n,n,AB,1,n,WFST,WFST,10.48550/arXiv.2606.10014,
1053465,1319,s,i,17.18,0.05,mag,n,n,AB,1,n,ALT100B,ALT100B,10.48550/arXiv.2606.10014,
1054190,300,s,g,17.086,0.006,mag,n,n,AB,1,n,WHUT,WHUT,10.48550/arXiv.2606.10014,
1054832,300,s,r,16.984,0.013,mag,n,n,AB,1,n,WHUT,WHUT,10.48550/arXiv.2606.10014,
1055474.6,300,s,i,17.21,0.03,mag,n,n,AB,1,n,WHUT,WHUT,10.48550/arXiv.2606.10014,
1055527.4,718,s,r,16.97,0.04,mag,n,n,AB,1,n,ALT100B,ALT100B,10.48550/arXiv.2606.10014,
1056989,718,s,g,17.03,0.03,mag,n,n,AB,1,n,ALT100B,ALT100B,10.48550/arXiv.2606.10014,
1058297.5,15,s,r,17.06,0.03,mag,n,n,AB,1,n,WFST,WFST,10.48550/arXiv.2606.10014,
1131198,1800,s,J,18.01,0.08,mag,n,n,AB,1,n,ALT100C,ALT100C,10.48550/arXiv.2606.10014,
1133881,3761,s,Mephisto-u,18.73,0.06,mag,n,n,AB,1,n,Mephisto,Mephisto,10.48550/arXiv.2606.10014,
1133883,3761,s,Mephisto-i,17.323,0.015,mag,n,n,AB,1,n,Mephisto,Mephisto,10.48550/arXiv.2606.10014,
1133893,3761,s,Mephisto-g,16.965,0.006,mag,n,n,AB,1,n,Mephisto,Mephisto,10.48550/arXiv.2606.10014,
1134379.6,1280,s,i,17.17,0.05,mag,n,n,AB,1,n,ALT100B,ALT100B,10.48550/arXiv.2606.10014,
1134429,3411,s,Mephisto-v,18.36,0.06,mag,n,n,AB,1,n,Mephisto,Mephisto,10.48550/arXiv.2606.10014,
1134431,3411,s,Mephisto-z,17.213,0.014,mag,n,n,AB,1,n,Mephisto,Mephisto,10.48550/arXiv.2606.10014,
1134441,3411,s,Mephisto-r,16.986,0.006,mag,n,n,AB,1,n,Mephisto,Mephisto,10.48550/arXiv.2606.10014,
1135355,15,s,g,17.168,0.014,mag,n,n,AB,1,n,WFST,WFST,10.48550/arXiv.2606.10014,
1136323,639,s,r,16.99,0.01,mag,n,n,AB,1,n,ALT100B,ALT100B,10.48550/arXiv.2606.10014,
1137625.2,639,s,g,17.11,0.01,mag,n,n,AB,1,n,ALT100B,ALT100B,10.48550/arXiv.2606.10014,
1141564,15,s,r,17,0.03,mag,n,n,AB,1,n,WFST,WFST,10.48550/arXiv.2606.10014,
1181449.5,3279,s,I,17.4,0.06,mag,n,n,AB,1,n,KAIT,KAIT,10.48550/arXiv.2606.10014,
1184629.5,3280.5,s,B,17.66,0.04,mag,n,n,AB,1,n,KAIT,KAIT,10.48550/arXiv.2606.10014,
1184707.5,3280.5,s,V,16.956,0.017,mag,n,n,AB,1,n,KAIT,KAIT,10.48550/arXiv.2606.10014,
1184780.5,3280,s,R,17.127,0.014,mag,n,n,AB,1,n,KAIT,KAIT,10.48550/arXiv.2606.10014,
1220037,15,s,g,17.267,0.015,mag,n,n,AB,1,n,WFST,WFST,10.48550/arXiv.2606.10014,
1223304,1800,s,J,18.06,0.11,mag,n,n,AB,1,n,ALT100C,ALT100C,10.48550/arXiv.2606.10014,
1223808.6,937,s,i,17.25,0.03,mag,n,n,AB,1,n,ALT100B,ALT100B,10.48550/arXiv.2606.10014,
1225237.3,467.5,s,r,16.96,0.03,mag,n,n,AB,1,n,ALT100B,ALT100B,10.48550/arXiv.2606.10014,
1226196.6,467.5,s,g,17.19,0.02,mag,n,n,AB,1,n,ALT100B,ALT100B,10.48550/arXiv.2606.10014,
1227489,15,s,r,17.03,0.03,mag,n,n,AB,1,n,WFST,WFST,10.48550/arXiv.2606.10014,
1227627,300,s,g,17.178,0.003,mag,n,n,AB,1,n,WHUT,WHUT,10.48550/arXiv.2606.10014,
1228269.6,300,s,r,16.979,0.005,mag,n,n,AB,1,n,WHUT,WHUT,10.48550/arXiv.2606.10014,
1228912.2,300,s,i,17.17,0.02,mag,n,n,AB,1,n,WHUT,WHUT,10.48550/arXiv.2606.10014,
1270486,3055,s,I,17.38,0.06,mag,n,n,AB,1,n,KAIT,KAIT,10.48550/arXiv.2606.10014,
1273403.5,3627.5,s,R,17.071,0.012,mag,n,n,AB,1,n,KAIT,KAIT,10.48550/arXiv.2606.10014,
1273630.5,3816.5,s,B,17.74,0.04,mag,n,n,AB,1,n,KAIT,KAIT,10.48550/arXiv.2606.10014,
1273707.5,3816.5,s,V,16.951,0.015,mag,n,n,AB,1,n,KAIT,KAIT,10.48550/arXiv.2606.10014,
1299579.6,600,s,g,17.284,0.006,mag,n,n,AB,1,n,XL-80,XL-80,10.48550/arXiv.2606.10014,
1299888.5,600,s,r,17.032,0.005,mag,n,n,AB,1,n,XL-80,XL-80,10.48550/arXiv.2606.10014,
1300197.4,600,s,i,17.32,0.05,mag,n,n,AB,1,n,XL-80,XL-80,10.48550/arXiv.2606.10014,
1303352,15,s,g,17.305,0.016,mag,n,n,AB,1,n,WFST,WFST,10.48550/arXiv.2606.10014,
1306361.2,937.6,s,i,17.18,0.02,mag,n,n,AB,1,n,ALT100B,ALT100B,10.48550/arXiv.2606.10014,
1308419,300,s,g,17.273,0.004,mag,n,n,AB,1,n,WHUT,WHUT,10.48550/arXiv.2606.10014,
1309062.1,300,s,r,16.99,0.005,mag,n,n,AB,1,n,WHUT,WHUT,10.48550/arXiv.2606.10014,
1309704.5,300,s,i,17.17,0.02,mag,n,n,AB,1,n,WHUT,WHUT,10.48550/arXiv.2606.10014,
1317861.5,467.7,s,r,16.98,0.03,mag,n,n,AB,1,n,ALT100B,ALT100B,10.48550/arXiv.2606.10014,
1318821,467.5,s,g,17.33,0.02,mag,n,n,AB,1,n,ALT100B,ALT100B,10.48550/arXiv.2606.10014,
1356048,3013,s,I,17.32,0.06,mag,n,n,AB,1,n,KAIT,KAIT,10.48550/arXiv.2606.10014,
1367518.5,7386.5,s,B,17.9,0.04,mag,n,n,AB,1,n,KAIT,KAIT,10.48550/arXiv.2606.10014,
1367597,7577,s,V,16.995,0.014,mag,n,n,AB,1,n,KAIT,KAIT,10.48550/arXiv.2606.10014,
1367669.5,7576,s,R,17.105,0.011,mag,n,n,AB,1,n,KAIT,KAIT,10.48550/arXiv.2606.10014,
1386584,15,s,r,17,0.03,mag,n,n,AB,1,n,WFST,WFST,10.48550/arXiv.2606.10014,
1389571.5,600,s,g,17.495,0.006,mag,n,n,AB,1,n,XL-80,XL-80,10.48550/arXiv.2606.10014,
1389793,15,s,g,17.437,0.018,mag,n,n,AB,1,n,WFST,WFST,10.48550/arXiv.2606.10014,
1389881.4,600,s,r,17.045,0.004,mag,n,n,AB,1,n,XL-80,XL-80,10.48550/arXiv.2606.10014,
1390190.2,600,s,i,17.3,0.05,mag,n,n,AB,1,n,XL-80,XL-80,10.48550/arXiv.2606.10014,
1393526,240,s,g,17.356,0.003,mag,n,n,AB,1,n,WHUT,WHUT,10.48550/arXiv.2606.10014,
1394230.9,300,s,r,16.969,0.006,mag,n,n,AB,1,n,WHUT,WHUT,10.48550/arXiv.2606.10014,
1394873.9,300,s,i,17.17,0.01,mag,n,n,AB,1,n,WHUT,WHUT,10.48550/arXiv.2606.10014,
1397317,442,s,Mephisto-u,19.26,0.07,mag,n,n,AB,1,n,Mephisto,Mephisto,10.48550/arXiv.2606.10014,
1397319,442,s,Mephisto-i,17.262,0.012,mag,n,n,AB,1,n,Mephisto,Mephisto,10.48550/arXiv.2606.10014,
1397319,442,s,Mephisto-g,17.067,0.005,mag,n,n,AB,1,n,Mephisto,Mephisto,10.48550/arXiv.2606.10014,
1397506,442,s,Mephisto-v,18.79,0.07,mag,n,n,AB,1,n,Mephisto,Mephisto,10.48550/arXiv.2606.10014,
1397508,442,s,Mephisto-z,17.083,0.011,mag,n,n,AB,1,n,Mephisto,Mephisto,10.48550/arXiv.2606.10014,
1397509,442,s,Mephisto-r,17.005,0.005,mag,n,n,AB,1,n,Mephisto,Mephisto,10.48550/arXiv.2606.10014,
1414751,25,s,R,17.21,0.04,mag,n,n,AB,1,n,Astrosib-500,Astrosib-500,10.48550/arXiv.2606.10014,
1435013.6,313,s,r,17.01,0.01,mag,n,n,AB,1,n,TRT-CTO,TRT-CTO,10.48550/arXiv.2606.10014,
1435451,100,s,g,17.4,0.02,mag,n,n,AB,1,n,TRT-CTO,TRT-CTO,10.48550/arXiv.2606.10014,
1440685,787,s,I,17.42,0.07,mag,n,n,AB,1,n,KAIT,KAIT,10.48550/arXiv.2606.10014,
1441333,1544,s,R,17.059,0.015,mag,n,n,AB,1,n,KAIT,KAIT,10.48550/arXiv.2606.10014,
1441560.5,1733,s,B,17.89,0.06,mag,n,n,AB,1,n,KAIT,KAIT,10.48550/arXiv.2606.10014,
1441639,1734,s,V,17.05,0.03,mag,n,n,AB,1,n,KAIT,KAIT,10.48550/arXiv.2606.10014,
1476246,15,s,g,17.527,0.019,mag,n,n,AB,1,n,WFST,WFST,10.48550/arXiv.2606.10014,
1477582.4,300,s,g,17.461,0.009,mag,n,n,AB,1,n,WHUT,WHUT,10.48550/arXiv.2606.10014,
1478225.4,300,s,r,16.983,0.006,mag,n,n,AB,1,n,WHUT,WHUT,10.48550/arXiv.2606.10014,
1478868.3,300,s,i,17.15,0.02,mag,n,n,AB,1,n,WHUT,WHUT,10.48550/arXiv.2606.10014,
1479698.3,915.8,s,i,17.14,0.03,mag,n,n,AB,1,n,ALT100B,ALT100B,10.48550/arXiv.2606.10014,
1481146.1,507.9,s,r,16.96,0.02,mag,n,n,AB,1,n,ALT100B,ALT100B,10.48550/arXiv.2606.10014,
1482186.2,507.9,s,g,17.4,0.03,mag,n,n,AB,1,n,ALT100B,ALT100B,10.48550/arXiv.2606.10014,
1532941,6088,s,I,17.35,0.06,mag,n,n,AB,1,n,KAIT,KAIT,10.48550/arXiv.2606.10014,
1538738.5,6278,s,B,18.16,0.07,mag,n,n,AB,1,n,KAIT,KAIT,10.48550/arXiv.2606.10014,
1538815.5,6277.5,s,V,17.14,0.03,mag,n,n,AB,1,n,KAIT,KAIT,10.48550/arXiv.2606.10014,
1538889.5,6278,s,R,17.116,0.016,mag,n,n,AB,1,n,KAIT,KAIT,10.48550/arXiv.2606.10014,
1559492,15,s,g,17.64,0.03,mag,n,n,AB,1,n,WFST,WFST,10.48550/arXiv.2606.10014,
1562399,15,s,r,17.03,0.03,mag,n,n,AB,1,n,WFST,WFST,10.48550/arXiv.2606.10014,
1564457.8,300,s,g,17.57,0.006,mag,n,n,AB,1,n,WHUT,WHUT,10.48550/arXiv.2606.10014,
1565100.6,300,s,r,17.005,0.003,mag,n,n,AB,1,n,WHUT,WHUT,10.48550/arXiv.2606.10014,
1565743.3,300,s,i,17.15,0.02,mag,n,n,AB,1,n,WHUT,WHUT,10.48550/arXiv.2606.10014,
1566112.8,915.7,s,i,17.15,0.03,mag,n,n,AB,1,n,ALT100B,ALT100B,10.48550/arXiv.2606.10014,
1567560.5,507.8,s,r,17.04,0.01,mag,n,n,AB,1,n,ALT100B,ALT100B,10.48550/arXiv.2606.10014,
1569378.4,507.9,s,g,17.48,0.01,mag,n,n,AB,1,n,ALT100B,ALT100B,10.48550/arXiv.2606.10014,
1616957.5,1358.5,s,I,17.32,0.07,mag,n,n,AB,1,n,KAIT,KAIT,10.48550/arXiv.2606.10014,
1618178,1548.5,s,R,17.199,0.016,mag,n,n,AB,1,n,KAIT,KAIT,10.48550/arXiv.2606.10014,
1618405.5,1736.5,s,B,18.15,0.07,mag,n,n,AB,1,n,KAIT,KAIT,10.48550/arXiv.2606.10014,
1618483,1738,s,V,17.1,0.02,mag,n,n,AB,1,n,KAIT,KAIT,10.48550/arXiv.2606.10014,
1654494.7,915.8,s,i,17.14,0.02,mag,n,n,AB,1,n,ALT100B,ALT100B,10.48550/arXiv.2606.10014,
1655942.6,508.1,s,r,17.04,0.01,mag,n,n,AB,1,n,ALT100B,ALT100B,10.48550/arXiv.2606.10014,
1656982.8,507.8,s,g,17.6,0.02,mag,n,n,AB,1,n,ALT100B,ALT100B,10.48550/arXiv.2606.10014,
1668067,540,s,R,17.161,0.004,mag,n,n,AB,1,n,Zeiss-1000,Zeiss-1000,10.48550/arXiv.2606.10014,
1668546,450,s,I,17.29,0.009,mag,n,n,AB,1,n,Zeiss-1000,Zeiss-1000,10.48550/arXiv.2606.10014,
1668786,450,s,B,18.3,0.015,mag,n,n,AB,1,n,Zeiss-1000,Zeiss-1000,10.48550/arXiv.2606.10014,
1668999,450,s,V,17.198,0.007,mag,n,n,AB,1,n,Zeiss-1000,Zeiss-1000,10.48550/arXiv.2606.10014,
1732320,15,s,g,17.82,0.03,mag,n,n,AB,1,n,WFST,WFST,10.48550/arXiv.2606.10014,
1732366,15,s,g,17.87,0.03,mag,n,n,AB,1,n,WFST,WFST,10.48550/arXiv.2606.10014,
1773533,320.2,s,r,17.14,0.01,mag,n,n,AB,1,n,TRT-CTO,TRT-CTO,10.48550/arXiv.2606.10014,
1774198.4,318.5,s,g,17.83,0.01,mag,n,n,AB,1,n,TRT-CTO,TRT-CTO,10.48550/arXiv.2606.10014,
1821678,267,s,Mephisto-u,20,0.07,mag,n,n,AB,1,n,Mephisto,Mephisto,10.48550/arXiv.2606.10014,
1821681,267,s,Mephisto-g,17.408,0.006,mag,n,n,AB,1,n,Mephisto,Mephisto,10.48550/arXiv.2606.10014,
1821873,75,s,Mephisto-i,17.271,0.013,mag,n,n,AB,1,n,Mephisto,Mephisto,10.48550/arXiv.2606.10014,
1821917.3,915.8,s,i,17.18,0.03,mag,n,n,AB,1,n,ALT100B,ALT100B,10.48550/arXiv.2606.10014,
1822263,74,s,Mephisto-v,19.63,0.13,mag,n,n,AB,1,n,Mephisto,Mephisto,10.48550/arXiv.2606.10014,
1822265,75,s,Mephisto-r,17.138,0.006,mag,n,n,AB,1,n,Mephisto,Mephisto,10.48550/arXiv.2606.10014,
1822265,74,s,Mephisto-z,16.979,0.014,mag,n,n,AB,1,n,Mephisto,Mephisto,10.48550/arXiv.2606.10014,
1823365.5,507.9,s,r,17.09,0.03,mag,n,n,AB,1,n,ALT100B,ALT100B,10.48550/arXiv.2606.10014,
1824405.5,507.9,s,g,17.9,0.02,mag,n,n,AB,1,n,ALT100B,ALT100B,10.48550/arXiv.2606.10014,
1915830.1,915.8,s,i,17.22,0.05,mag,n,n,AB,1,n,ALT100B,ALT100B,10.48550/arXiv.2606.10014,
1917277.8,507.8,s,r,17.07,0.02,mag,n,n,AB,1,n,ALT100B,ALT100B,10.48550/arXiv.2606.10014,
1917425.5,15,s,r,17.24,0.04,mag,n,n,AB,1,n,WFST,WFST,10.48550/arXiv.2606.10014,
1918317.9,507.9,s,g,17.96,0.02,mag,n,n,AB,1,n,ALT100B,ALT100B,10.48550/arXiv.2606.10014,
1992091.5,15,s,r,17.24,0.04,mag,n,n,AB,1,n,WFST,WFST,10.48550/arXiv.2606.10014,
1993773,1000,s,i,17.24,0.03,mag,n,n,AB,1,n,ALT100B,ALT100B,10.48550/arXiv.2606.10014,
1995870,500,s,r,17.21,0.05,mag,n,n,AB,1,n,ALT100B,ALT100B,10.48550/arXiv.2606.10014,
1996910,500,s,g,18.06,0.02,mag,n,n,AB,1,n,ALT100B,ALT100B,10.48550/arXiv.2606.10014,
2001408.5,15,s,g,18.2,0.04,mag,n,n,AB,1,n,WFST,WFST,10.48550/arXiv.2606.10014,
2018801,90,s,z,17.215,0.007,mag,n,n,AB,1,n,NOT,alfosc,10.48550/arXiv.2606.10014,
2078502.5,15,s,g,18.28,0.04,mag,n,n,AB,1,n,WFST,WFST,10.48550/arXiv.2606.10014,
2092085,900,s,R,17.338,0.003,mag,n,n,AB,1,n,Zeiss-1000,Zeiss-1000,10.48550/arXiv.2606.10014,
2092892,600,s,I,17.421,0.008,mag,n,n,AB,1,n,Zeiss-1000,Zeiss-1000,10.48550/arXiv.2606.10014,
2093239,600,s,B,18.822,0.01,mag,n,n,AB,1,n,Zeiss-1000,Zeiss-1000,10.48550/arXiv.2606.10014,
2093575,600,s,V,17.607,0.005,mag,n,n,AB,1,n,Zeiss-1000,Zeiss-1000,10.48550/arXiv.2606.10014,
2165062.5,15,s,r,17.31,0.04,mag,n,n,AB,1,n,WFST,WFST,10.48550/arXiv.2606.10014,
2177304.5,15,s,g,18.36,0.04,mag,n,n,AB,1,n,WFST,WFST,10.48550/arXiv.2606.10014,
2190472,600,s,R,17.389,0.004,mag,n,n,AB,1,n,Zeiss-1000,Zeiss-1000,10.48550/arXiv.2606.10014,
2200689,90,s,g,18.351,0.007,mag,n,n,AB,1,n,NOT,alfosc,10.48550/arXiv.2606.10014,
2200966,90,s,r,17.349,0.007,mag,n,n,AB,1,n,NOT,alfosc,10.48550/arXiv.2606.10014,
2201242,90,s,i,17.43,0.006,mag,n,n,AB,1,n,NOT,alfosc,10.48550/arXiv.2606.10014,
2201526,90,s,z,17.214,0.007,mag,n,n,AB,1,n,NOT,alfosc,10.48550/arXiv.2606.10014,
2251304,75,s,Mephisto-u,20.8,0.2,mag,n,n,AB,1,n,Mephisto,Mephisto,10.48550/arXiv.2606.10014,
2251307,74,s,Mephisto-g,17.762,0.008,mag,n,n,AB,1,n,Mephisto,Mephisto,10.48550/arXiv.2606.10014,
2251307,75,s,Mephisto-i,17.43,0.012,mag,n,n,AB,1,n,Mephisto,Mephisto,10.48550/arXiv.2606.10014,
2251493,75,s,Mephisto-v,19.47,0.08,mag,n,n,AB,1,n,Mephisto,Mephisto,10.48550/arXiv.2606.10014,
2251495,74,s,Mephisto-r,17.373,0.008,mag,n,n,AB,1,n,Mephisto,Mephisto,10.48550/arXiv.2606.10014,
2251495,74,s,Mephisto-z,17.1,0.03,mag,n,n,AB,1,n,Mephisto,Mephisto,10.48550/arXiv.2606.10014,
2289240,300,s,r,17.372,0.004,mag,n,n,AB,1,n,TRT-CTO,TRT-CTO,10.48550/arXiv.2606.10014,
2289906,300,s,g,18.363,0.006,mag,n,n,AB,1,n,TRT-CTO,TRT-CTO,10.48550/arXiv.2606.10014,
2339994,291,s,Mephisto-u,20.65,0.11,mag,n,n,AB,1,n,Mephisto,Mephisto,10.48550/arXiv.2606.10014,
2339997,291,s,Mephisto-g,17.859,0.01,mag,n,n,AB,1,n,Mephisto,Mephisto,10.48550/arXiv.2606.10014,
2339997,291,s,Mephisto-i,17.531,0.015,mag,n,n,AB,1,n,Mephisto,Mephisto,10.48550/arXiv.2606.10014,
2340399,74,s,Mephisto-v,19.75,0.09,mag,n,n,AB,1,n,Mephisto,Mephisto,10.48550/arXiv.2606.10014,
2340401,75,s,Mephisto-r,17.358,0.008,mag,n,n,AB,1,n,Mephisto,Mephisto,10.48550/arXiv.2606.10014,
2340401,74,s,Mephisto-z,17.23,0.04,mag,n,n,AB,1,n,Mephisto,Mephisto,10.48550/arXiv.2606.10014,
2427709.6,1532.9,s,z,17.27,0.05,mag,n,n,AB,1,n,ALT100A,ALT100A,10.48550/arXiv.2606.10014,
2430207.9,915.8,s,i,17.32,0.04,mag,n,n,AB,1,n,ALT100B,ALT100B,10.48550/arXiv.2606.10014,
2431655.6,507.8,s,r,17.44,0.02,mag,n,n,AB,1,n,ALT100B,ALT100B,10.48550/arXiv.2606.10014,
2432695.7,507.9,s,g,18.55,0.05,mag,n,n,AB,1,n,ALT100B,ALT100B,10.48550/arXiv.2606.10014,
2515076,1500,s,z,17.35,0.04,mag,n,n,AB,1,n,ALT100A,ALT100A,10.48550/arXiv.2606.10014,
2517141,500,s,r,17.493,0.007,mag,n,n,AB,1,n,ALT100A,ALT100A,10.48550/arXiv.2606.10014,
2518645,900,s,i,17.58,0.05,mag,n,n,AB,1,n,ALT100B,ALT100B,10.48550/arXiv.2606.10014,
2520138,500,s,r,17.51,0.02,mag,n,n,AB,1,n,ALT100B,ALT100B,10.48550/arXiv.2606.10014,
2521178,500,s,g,18.52,0.05,mag,n,n,AB,1,n,ALT100B,ALT100B,10.48550/arXiv.2606.10014,
2690662,900,s,i,17.55,0.03,mag,n,n,AB,1,n,ALT100B,ALT100B,10.48550/arXiv.2606.10014,
2692109,500,s,r,17.67,0.02,mag,n,n,AB,1,n,ALT100B,ALT100B,10.48550/arXiv.2606.10014,
2693150,500,s,g,18.64,0.05,mag,n,n,AB,1,n,ALT100B,ALT100B,10.48550/arXiv.2606.10014,
2770257.5,15,s,g,18.84,0.07,mag,n,n,AB,1,n,WFST,WFST,10.48550/arXiv.2606.10014,
2773433,900,s,i,17.7,0.03,mag,n,n,AB,1,n,ALT100B,ALT100B,10.48550/arXiv.2606.10014,
2774881,500,s,r,17.65,0.02,mag,n,n,AB,1,n,ALT100B,ALT100B,10.48550/arXiv.2606.10014,
2775164,1800,s,z,17.34,0.09,mag,n,n,AB,1,n,ALT50B,ALT50B,10.48550/arXiv.2606.10014,
2775922,500,s,g,18.67,0.03,mag,n,n,AB,1,n,ALT100B,ALT100B,10.48550/arXiv.2606.10014,
2776569,1800,s,z,17.52,0.06,mag,n,n,AB,1,n,ALT50A,ALT50A,10.48550/arXiv.2606.10014,
2945302,15,s,r,17.79,0.06,mag,n,n,AB,1,n,WFST,WFST,10.48550/arXiv.2606.10014,
2945565,15,s,g,18.98,0.08,mag,n,n,AB,1,n,WFST,WFST,10.48550/arXiv.2606.10014,
2947716,15,s,g,19.01,0.08,mag,n,n,AB,1,n,WFST,WFST,10.48550/arXiv.2606.10014,
2950606,15,s,g,19.08,0.09,mag,n,n,AB,1,n,WFST,WFST,10.48550/arXiv.2606.10014,
2951562.1,287,s,Mephisto-g,18.33,0.06,mag,n,n,AB,1,n,Mephisto,Mephisto,10.48550/arXiv.2606.10014,
2951562.6,288.1,s,Mephisto-i,17.86,0.04,mag,n,n,AB,1,n,Mephisto,Mephisto,10.48550/arXiv.2606.10014,
3034089,900,s,i,17.85,0.1,mag,n,n,AB,1,n,ALT100B,ALT100B,10.48550/arXiv.2606.10014,
3036579.6,414.1,s,Mephisto-i,17.9,0.05,mag,n,n,AB,1,n,Mephisto,Mephisto,10.48550/arXiv.2606.10014,
3036580,414.1,s,Mephisto-g,18.45,0.06,mag,n,n,AB,1,n,Mephisto,Mephisto,10.48550/arXiv.2606.10014,
3037499.8,331.4,s,Mephisto-z,17.36,0.1,mag,n,n,AB,1,n,Mephisto,Mephisto,10.48550/arXiv.2606.10014,
3037500.2,331.4,s,Mephisto-r,17.7,0.08,mag,n,n,AB,1,n,Mephisto,Mephisto,10.48550/arXiv.2606.10014,
3037770,900,s,r,17.77,0.03,mag,n,n,AB,1,n,ALT100B,ALT100B,10.48550/arXiv.2606.10014,
3039394,600,s,g,18.83,0.09,mag,n,n,AB,1,n,ALT100B,ALT100B,10.48550/arXiv.2606.10014,
3060217,90,s,g,18.96,0.02,mag,n,n,AB,1,n,NOT,alfosc,10.48550/arXiv.2606.10014,
3060491,90,s,r,17.858,0.005,mag,n,n,AB,1,n,NOT,alfosc,10.48550/arXiv.2606.10014,
3060769,90,s,i,17.87,0.01,mag,n,n,AB,1,n,NOT,alfosc,10.48550/arXiv.2606.10014,
3061054,90,s,z,17.667,0.009,mag,n,n,AB,1,n,NOT,alfosc,10.48550/arXiv.2606.10014,
3113914.9,388.1,s,Mephisto-g,18.4,0.05,mag,n,n,AB,1,n,Mephisto,Mephisto,10.48550/arXiv.2606.10014,
3114284.6,758.5,s,Mephisto-i,17.82,0.03,mag,n,n,AB,1,n,Mephisto,Mephisto,10.48550/arXiv.2606.10014,
3114744.5,299.4,s,Mephisto-r,18.01,0.04,mag,n,n,AB,1,n,Mephisto,Mephisto,10.48550/arXiv.2606.10014,
3121465,15,s,r,17.82,0.06,mag,n,n,AB,1,n,WFST,WFST,10.48550/arXiv.2606.10014,
3122231,15,s,g,19.15,0.11,mag,n,n,AB,1,n,WFST,WFST,10.48550/arXiv.2606.10014,
3125078,900,s,i,17.79,0.08,mag,n,n,AB,1,n,ALT100B,ALT100B,10.48550/arXiv.2606.10014,
3126958,900,s,r,17.75,0.05,mag,n,n,AB,1,n,ALT100B,ALT100B,10.48550/arXiv.2606.10014,
3129126,1020,s,g,18.76,0.08,mag,n,n,AB,1,n,ALT100B,ALT100B,10.48550/arXiv.2606.10014,
3206581,1125,s,i,17.82,0.08,mag,n,n,AB,1,n,ALT100B,ALT100B,10.48550/arXiv.2606.10014,
3208950,1125,s,r,17.92,0.05,mag,n,n,AB,1,n,ALT100B,ALT100B,10.48550/arXiv.2606.10014,
3211318,1125,s,g,18.9,0.08,mag,n,n,AB,1,n,ALT100B,ALT100B,10.48550/arXiv.2606.10014,
3294217,1215,s,i,17.79,0.08,mag,n,n,AB,1,n,ALT100B,ALT100B,10.48550/arXiv.2606.10014,
3296925,1125,s,r,17.94,0.05,mag,n,n,AB,1,n,ALT100B,ALT100B,10.48550/arXiv.2606.10014,
3299293,1125,s,g,19.01,0.08,mag,n,n,AB,1,n,ALT100B,ALT100B,10.48550/arXiv.2606.10014,
3315075,398,s,J,17.962,0.007,mag,n,n,AB,1,n,NOT,NOTCam,10.48550/arXiv.2606.10014,
3384652,1125,s,i,17.88,0.11,mag,n,n,AB,1,n,ALT100B,ALT100B,10.48550/arXiv.2606.10014,
3387020,1125,s,r,18.01,0.08,mag,n,n,AB,1,n,ALT100B,ALT100B,10.48550/arXiv.2606.10014,
3468322.9,1172.7,s,g,18.94,0.06,mag,n,n,AB,1,n,ALT100B,ALT100B,10.48550/arXiv.2606.10014,
3470692.2,1172.4,s,i,17.97,0.06,mag,n,n,AB,1,n,ALT100B,ALT100B,10.48550/arXiv.2606.10014,
3473061,1172.2,s,r,18.06,0.05,mag,n,n,AB,1,n,ALT100B,ALT100B,10.48550/arXiv.2606.10014,
3552329.5,1537.4,s,i,18.05,0.05,mag,n,n,AB,1,n,ALT100B,ALT100B,10.48550/arXiv.2606.10014,
3555004.6,1113.5,s,g,19.03,0.06,mag,n,n,AB,1,n,ALT100B,ALT100B,10.48550/arXiv.2606.10014,
3557252.2,1113.3,s,r,18.02,0.04,mag,n,n,AB,1,n,ALT100B,ALT100B,10.48550/arXiv.2606.10014,
3638068.7,921.7,s,i,18.03,0.05,mag,n,n,AB,1,n,ALT100B,ALT100B,10.48550/arXiv.2606.10014,
3639818.5,679.6,s,g,19.08,0.08,mag,n,n,AB,1,n,ALT100B,ALT100B,10.48550/arXiv.2606.10014,
3641260.2,741.9,s,r,18.02,0.04,mag,n,n,AB,1,n,ALT100B,ALT100B,10.48550/arXiv.2606.10014,
3724929.2,1018.1,s,i,18.09,0.08,mag,n,n,AB,1,n,ALT100B,ALT100B,10.48550/arXiv.2606.10014,
3726581.3,609.8,s,g,19.09,0.08,mag,n,n,AB,1,n,ALT100B,ALT100B,10.48550/arXiv.2606.10014,
3727821.1,609.8,s,r,18.19,0.04,mag,n,n,AB,1,n,ALT100B,ALT100B,10.48550/arXiv.2606.10014,
3899924.5,915.8,s,i,18.23,0.08,mag,n,n,AB,1,n,ALT100B,ALT100B,10.48550/arXiv.2606.10014,
3901372.5,507.9,s,g,19.18,0.08,mag,n,n,AB,1,n,ALT100B,ALT100B,10.48550/arXiv.2606.10014,
3902408.4,507.9,s,r,18.27,0.05,mag,n,n,AB,1,n,ALT100B,ALT100B,10.48550/arXiv.2606.10014,
3983808.8,1018.1,s,i,18.29,0.06,mag,n,n,AB,1,n,ALT100B,ALT100B,10.48550/arXiv.2606.10014,
3985152.9,120,s,Mephisto-i,18.3,0.02,mag,n,n,AB,1,n,Mephisto,Mephisto,10.48550/arXiv.2606.10014,
3985153.2,120,s,Mephisto-g,18.75,0.02,mag,n,n,AB,1,n,Mephisto,Mephisto,10.48550/arXiv.2606.10014,
3985431.1,120,s,Mephisto-z,17.83,0.04,mag,n,n,AB,1,n,Mephisto,Mephisto,10.48550/arXiv.2606.10014,
3985431.7,120,s,Mephisto-r,18.29,0.01,mag,n,n,AB,1,n,Mephisto,Mephisto,10.48550/arXiv.2606.10014,
3985461,609.8,s,g,19.08,0.06,mag,n,n,AB,1,n,ALT100B,ALT100B,10.48550/arXiv.2606.10014,
3985717.5,1759.5,s,z,17.88,0.15,mag,n,n,AB,1,n,ALT50A,ALT50A,10.48550/arXiv.2606.10014,
3986701,609.9,s,r,18.23,0.04,mag,n,n,AB,1,n,ALT100B,ALT100B,10.48550/arXiv.2606.10014,
4070689,1032.9,s,i,18.4,0.06,mag,n,n,AB,1,n,ALT100B,ALT100B,10.48550/arXiv.2606.10014,
4072356,609.9,s,g,19.23,0.1,mag,n,n,AB,1,n,ALT100B,ALT100B,10.48550/arXiv.2606.10014,
4077602.2,610,s,r,18.6,0.3,mag,n,n,AB,1,n,ALT100B,ALT100B,10.48550/arXiv.2606.10014,
4157648,610.1,s,r,18.27,0.02,mag,n,n,AB,1,n,ALT100B,ALT100B,10.48550/arXiv.2606.10014,
4158892.6,610.1,s,g,19.23,0.03,mag,n,n,AB,1,n,ALT100B,ALT100B,10.48550/arXiv.2606.10014,
4246659.2,1017.8,s,i,18.35,0.05,mag,n,n,AB,1,n,ALT100B,ALT100B,10.48550/arXiv.2606.10014,
4447738.5,150,s,g,19.46,0.04,mag,n,n,AB,1,n,TRT-CTO,TRT-CTO,10.48550/arXiv.2606.10014,
4448053,150,s,r,18.44,0.03,mag,n,n,AB,1,n,TRT-CTO,TRT-CTO,10.48550/arXiv.2606.10014,
4449365.4,100,s,i,18.58,0.1,mag,n,n,AB,1,n,TRT-CTO,TRT-CTO,10.48550/arXiv.2606.10014,
4620471.9,205.9,s,g,19.58,0.05,mag,n,n,AB,1,n,TRT-CTO,TRT-CTO,10.48550/arXiv.2606.10014,
4621212.7,310.1,s,r,18.43,0.04,mag,n,n,AB,1,n,TRT-CTO,TRT-CTO,10.48550/arXiv.2606.10014,
4621951.6,206.4,s,i,18.7,0.1,mag,n,n,AB,1,n,TRT-CTO,TRT-CTO,10.48550/arXiv.2606.10014,
4762226.7,910.1,s,i,18.46,0.12,mag,n,n,AB,1,n,ALT100B,ALT100B,10.48550/arXiv.2606.10014,
4763609.9,621.4,s,g,19.45,0.04,mag,n,n,AB,1,n,ALT100C,ALT100C,10.48550/arXiv.2606.10014,
4764071.1,910,s,r,18.49,0.05,mag,n,n,AB,1,n,ALT100B,ALT100B,10.48550/arXiv.2606.10014,
4765501.3,1251,s,z,18.5,0.2,mag,n,n,AB,1,n,ALT100C,ALT100C,10.48550/arXiv.2606.10014,
4850454.3,284.1,s,g,19.39,0.06,mag,n,n,AB,1,n,ALT100C,ALT100C,10.48550/arXiv.2606.10014,
4850459.2,910.1,s,i,18.58,0.1,mag,n,n,AB,1,n,ALT100B,ALT100B,10.48550/arXiv.2606.10014,
4852303.5,910,s,r,18.45,0.05,mag,n,n,AB,1,n,ALT100B,ALT100B,10.48550/arXiv.2606.10014,
4852321.3,1564.2,s,z,18.59,0.13,mag,n,n,AB,1,n,ALT100C,ALT100C,10.48550/arXiv.2606.10014,
4935725.8,1214,s,i,18.42,0.09,mag,n,n,AB,1,n,ALT100B,ALT100B,10.48550/arXiv.2606.10014,
4937570.2,606.1,s,r,18.62,0.04,mag,n,n,AB,1,n,ALT100B,ALT100B,10.48550/arXiv.2606.10014,
5138453.2,315.5,s,g,19.53,0.06,mag,n,n,AB,1,n,TRT-CTO,TRT-CTO,10.48550/arXiv.2606.10014,
5139094.6,311.4,s,r,18.65,0.04,mag,n,n,AB,1,n,TRT-CTO,TRT-CTO,10.48550/arXiv.2606.10014,
5281229.7,1061.9,s,i,18.64,0.1,mag,n,n,AB,1,n,ALT100B,ALT100B,10.48550/arXiv.2606.10014,
5282318.6,1407.2,s,z,18.11,0.14,mag,n,n,AB,1,n,ALT100C,ALT100C,10.48550/arXiv.2606.10014,
5284058.9,314.4,s,g,19.49,0.1,mag,n,n,AB,1,n,ALT100C,ALT100C,10.48550/arXiv.2606.10014,
5578210.9,274.8,s,g,19.41,0.12,mag,n,n,AB,1,n,TRT-CTO,TRT-CTO,10.48550/arXiv.2606.10014,
5578769.5,270.8,s,r,18.78,0.1,mag,n,n,AB,1,n,TRT-CTO,TRT-CTO,10.48550/arXiv.2606.10014,
5579600.6,548.2,s,i,18.51,0.13,mag,n,n,AB,1,n,TRT-CTO,TRT-CTO,10.48550/arXiv.2606.10014,
5626442.9,637,s,r,18.57,0.09,mag,n,n,AB,1,n,ALT100B,ALT100B,10.48550/arXiv.2606.10014,
5627741.2,637.2,s,g,19.46,0.16,mag,n,n,AB,1,n,ALT100B,ALT100B,10.48550/arXiv.2606.10014,
5714948.6,1084.8,s,i,18.85,0.15,mag,n,n,AB,1,n,ALT100B,ALT100B,10.48550/arXiv.2606.10014,
5801049.2,1202.5,s,i,18.8,0.2,mag,n,n,AB,1,n,ALT100B,ALT100B,10.48550/arXiv.2606.10014,
5801406.8,844,s,r,18.5,0.2,mag,n,n,AB,1,n,ALT100B,ALT100B,10.48550/arXiv.2606.10014,
5922317.3,479,s,g,19.4,0.1,mag,n,n,AB,1,n,TRT-CTO,TRT-CTO,10.48550/arXiv.2606.10014,
5922883.2,75,s,r,18.76,0.1,mag,n,n,AB,1,n,TRT-CTO,TRT-CTO,10.48550/arXiv.2606.10014,
6095503.3,394.7,s,r,18.87,0.03,mag,n,n,AB,1,n,TRT-CTO,TRT-CTO,10.48550/arXiv.2606.10014,
6095686.2,1247.9,s,i,18.94,0.1,mag,n,n,AB,1,n,TRT-CTO,TRT-CTO,10.48550/arXiv.2606.10014,
6096314.9,395,s,g,20.1,0.2,mag,n,n,AB,1,n,TRT-CTO,TRT-CTO,10.48550/arXiv.2606.10014,
68152.0,,s,r,19.85,0.1819,mag,n,n,AB,1,n,ZTF,ZTF,10.48550/arXiv.2606.10011,
69534.4,,s,g,19.65,0.1019,mag,n,n,AB,1,n,ZTF,ZTF,10.48550/arXiv.2606.10011,
148072.0,,s,r,18.84,0.0418,mag,n,n,AB,1,n,ZTF,ZTF,10.48550/arXiv.2606.10011,
148158.4,,s,r,18.79,0.0918,mag,n,n,AB,1,n,ZTF,ZTF,10.48550/arXiv.2606.10011,
230411.2,,s,J,18.78,0.1118,mag,n,n,AB,1,n,WINTER,WINTER,10.48550/arXiv.2606.10011,
250628.8,,s,g,17.9,0.0517,mag,n,n,AB,1,n,SEDM,SEDM,10.48550/arXiv.2606.10011,
250801.6,,s,r,18.07,0.0418,mag,n,n,AB,1,n,SEDM,SEDM,10.48550/arXiv.2606.10011,
251060.8,,s,i,18.26,0.0418,mag,n,n,AB,1,n,SEDM,SEDM,10.48550/arXiv.2606.10011,
313355.2,,s,r,17.75,0.0417,mag,n,n,AB,1,n,SEDM,SEDM,10.48550/arXiv.2606.10011,
316120.0,,s,u,18.14,0.0518,mag,n,n,AB,1,n,SEDM,SEDM,10.48550/arXiv.2606.10011,
316465.6,,s,g,17.78,0.0417,mag,n,n,AB,1,n,SEDM,SEDM,10.48550/arXiv.2606.10011,
316897.6,,s,i,17.89,0.0417,mag,n,n,AB,1,n,SEDM,SEDM,10.48550/arXiv.2606.10011,
320353.6,,s,g,17.76,0.0317,mag,n,n,AB,1,n,SEDM,SEDM,10.48550/arXiv.2606.10011,
320612.8,,s,r,17.78,0.0317,mag,n,n,AB,1,n,SEDM,SEDM,10.48550/arXiv.2606.10011,
320872.0,,s,i,17.91,0.0417,mag,n,n,AB,1,n,SEDM,SEDM,10.48550/arXiv.2606.10011,
321044.8,,s,r,17.62,0.1917,mag,n,n,AB,1,n,SEDM,SEDM,10.48550/arXiv.2606.10011,
406062.4,,s,r,17.55,0.0517,mag,n,n,AB,1,n,ZTF,ZTF,10.48550/arXiv.2606.10011,
411073.6,,s,i,17.79,0.0417,mag,n,n,AB,1,n,ZTF,ZTF,10.48550/arXiv.2606.10011,
412456.0,,s,g,17.58,0.0417,mag,n,n,AB,1,n,SEDM,SEDM,10.48550/arXiv.2606.10011,
412715.2,,s,r,17.48,0.0317,mag,n,n,AB,1,n,SEDM,SEDM,10.48550/arXiv.2606.10011,
412888.0,,s,i,17.64,0.0317,mag,n,n,AB,1,n,SEDM,SEDM,10.48550/arXiv.2606.10011,
415652.8,,s,g,17.54,0.0317,mag,n,n,AB,1,n,ZTF,ZTF,10.48550/arXiv.2606.10011,
484772.8,,s,J,18.24,0.1418,mag,n,n,AB,1,n,WINTER,WINTER,10.48550/arXiv.2606.10011,
488228.8,,s,r,17.36,0.0217,mag,n,n,AB,1,n,ZTF,ZTF,10.48550/arXiv.2606.10011,
489611.2,,s,r,17.33,0.0417,mag,n,n,AB,1,n,SEDM,SEDM,10.48550/arXiv.2606.10011,
491080.0,,s,g,17.27,0.0117,mag,n,n,AB,1,n,ZTF,ZTF,10.48550/arXiv.2606.10011,
492376.0,,s,g,17.4,0.0217,mag,n,n,AB,1,n,SEDM,SEDM,10.48550/arXiv.2606.10011,
492635.2,,s,r,17.3,0.0417,mag,n,n,AB,1,n,SEDM,SEDM,10.48550/arXiv.2606.10011,
492894.4,,s,i,17.49,0.0417,mag,n,n,AB,1,n,SEDM,SEDM,10.48550/arXiv.2606.10011,
495400.0,,s,i,17.54,0.0317,mag,n,n,AB,1,n,ZTF,ZTF,10.48550/arXiv.2606.10011,
500065.6,,s,g,17.36,0.0417,mag,n,n,AB,1,n,SEDM,SEDM,10.48550/arXiv.2606.10011,
500238.4,,s,r,17.29,0.0417,mag,n,n,AB,1,n,SEDM,SEDM,10.48550/arXiv.2606.10011,
500411.2,,s,i,17.46,0.0417,mag,n,n,AB,1,n,SEDM,SEDM,10.48550/arXiv.2606.10011,
658955.2,,s,g,17.22,0.7017,mag,n,n,AB,1,n,SEDM,SEDM,10.48550/arXiv.2606.10011,
659214.4,,s,i,17.06,0.1417,mag,n,n,AB,1,n,SEDM,SEDM,10.48550/arXiv.2606.10011,
1009825.6,,s,i,17.16,0.0417,mag,n,n,AB,1,n,ZTF,ZTF,10.48550/arXiv.2606.10011,
1012849.6,,s,r,16.96,0.0616,mag,n,n,AB,1,n,ZTF,ZTF,10.48550/arXiv.2606.10011,
1266347.2,,s,r,16.92,0.0416,mag,n,n,AB,1,n,ZTF,ZTF,10.48550/arXiv.2606.10011,
1339960.0,,s,r,16.95,0.0116,mag,n,n,AB,1,n,LSST,LSST,10.48550/arXiv.2606.10011,
1340219.2,,s,z,17.04,0.0117,mag,n,n,AB,1,n,LSST,LSST,10.48550/arXiv.2606.10011,
1351624.0,,s,i,17.16,0.0117,mag,n,n,AB,1,n,LSST,LSST,10.48550/arXiv.2606.10011,
1437073.6,,s,i,17.15,0.0117,mag,n,n,AB,1,n,LSST,LSST,10.48550/arXiv.2606.10011,
1438715.2,,s,i,17.14,0.0817,mag,n,n,AB,1,n,ZTF,ZTF,10.48550/arXiv.2606.10011,
1439320.0,,s,r,16.93,0.0516,mag,n,n,AB,1,n,ZTF,ZTF,10.48550/arXiv.2606.10011,
1454699.2,,s,g,17.47,0.1117,mag,n,n,AB,1,n,SEDM,SEDM,10.48550/arXiv.2606.10011,
1454872.0,,s,r,16.92,0.0416,mag,n,n,AB,1,n,SEDM,SEDM,10.48550/arXiv.2606.10011,
1454958.4,,s,i,17.08,0.0317,mag,n,n,AB,1,n,SEDM,SEDM,10.48550/arXiv.2606.10011,
1532027.2,,s,J,17.51,0.1017,mag,n,n,AB,1,n,WINTER,WINTER,10.48550/arXiv.2606.10011,
1603566.4,,s,g,17.59,0.0117,mag,n,n,AB,1,n,LSST,LSST,10.48550/arXiv.2606.10011,
1603739.2,,s,i,17.19,0.0117,mag,n,n,AB,1,n,LSST,LSST,10.48550/arXiv.2606.10011,
1612120.0,,s,r,16.93,0.0616,mag,n,n,AB,1,n,ZTF,ZTF,10.48550/arXiv.2606.10011,
1615748.8,,s,g,17.58,0.0717,mag,n,n,AB,1,n,ZTF,ZTF,10.48550/arXiv.2606.10011,
1701716.8,,s,i,17.15,0.0217,mag,n,n,AB,1,n,ZTF,ZTF,10.48550/arXiv.2606.10011,
1702062.4,,s,g,17.68,0.0617,mag,n,n,AB,1,n,ZTF,ZTF,10.48550/arXiv.2606.10011,
1776712.0,,s,i,17.2,0.0117,mag,n,n,AB,1,n,LSST,LSST,10.48550/arXiv.2606.10011,
1781032.0,,s,g,17.79,0.0117,mag,n,n,AB,1,n,LSST,LSST,10.48550/arXiv.2606.10011,
1785092.8,,s,i,17.18,0.0117,mag,n,n,AB,1,n,LSST,LSST,10.48550/arXiv.2606.10011,
1862248.0,,s,u,19.58,0.0119,mag,n,n,AB,1,n,LSST,LSST,10.48550/arXiv.2606.10011,
1862680.0,,s,z,17.09,0.0017,mag,n,n,AB,1,n,LSST,LSST,10.48550/arXiv.2606.10011,
1943291.2,,s,u,19.74,0.0219,mag,n,n,AB,1,n,LSST,LSST,10.48550/arXiv.2606.10011,
1947956.8,,s,i,17.23,0.0017,mag,n,n,AB,1,n,LSST,LSST,10.48550/arXiv.2606.10011,
1948129.6,,s,u,19.74,0.0219,mag,n,n,AB,1,n,LSST,LSST,10.48550/arXiv.2606.10011,
2034875.2,,s,u,19.85,0.0219,mag,n,n,AB,1,n,LSST,LSST,10.48550/arXiv.2606.10011,
2126718.4,,s,i,17.28,0.0117,mag,n,n,AB,1,n,LSST,LSST,10.48550/arXiv.2606.10011,
2147627.2,,s,g,18.33,0.3418,mag,n,n,AB,1,n,SEDM,SEDM,10.48550/arXiv.2606.10011,
2147800.0,,s,r,17.2,0.0417,mag,n,n,AB,1,n,SEDM,SEDM,10.48550/arXiv.2606.10011,
2147972.8,,s,i,17.11,0.0717,mag,n,n,AB,1,n,SEDM,SEDM,10.48550/arXiv.2606.10011,
2218129.6,,s,i,17.33,0.0617,mag,n,n,AB,1,n,ZTF,ZTF,10.48550/arXiv.2606.10011,
2218648.0,,s,r,17.2,0.0617,mag,n,n,AB,1,n,ZTF,ZTF,10.48550/arXiv.2606.10011,
2223832.0,,s,g,18.41,0.0418,mag,n,n,AB,1,n,SEDM,SEDM,10.48550/arXiv.2606.10011,
2224004.8,,s,r,17.23,0.0417,mag,n,n,AB,1,n,SEDM,SEDM,10.48550/arXiv.2606.10011,
2224177.6,,s,i,17.18,0.0417,mag,n,n,AB,1,n,SEDM,SEDM,10.48550/arXiv.2606.10011,
2226596.8,,s,g,18.39,0.1018,mag,n,n,AB,1,n,ZTF,ZTF,10.48550/arXiv.2606.10011,
2306948.8,,s,J,17.58,0.1117,mag,n,n,AB,1,n,WINTER,WINTER,10.48550/arXiv.2606.10011,
2312910.4,,s,r,17.29,0.0617,mag,n,n,AB,1,n,ZTF,ZTF,10.48550/arXiv.2606.10011,
2485969.6,,s,g,18.7,0.3018,mag,n,n,AB,1,n,SEDM,SEDM,10.48550/arXiv.2606.10011,
2486056.0,,s,r,17.52,0.0517,mag,n,n,AB,1,n,SEDM,SEDM,10.48550/arXiv.2606.10011,
2561137.6,,s,g,18.55,0.1218,mag,n,n,AB,1,n,ZTF,ZTF,10.48550/arXiv.2606.10011,
2562520.0,,s,r,17.4,0.0417,mag,n,n,AB,1,n,ZTF,ZTF,10.48550/arXiv.2606.10011,
2622049.6,,s,r,17.55,0.0217,mag,n,n,AB,1,n,IOO,IOO,10.48550/arXiv.2606.10011,
2622136.0,,s,i,17.68,0.0417,mag,n,n,AB,1,n,IOO,IOO,10.48550/arXiv.2606.10011,
2622222.4,,s,z,17.37,0.0617,mag,n,n,AB,1,n,IOO,IOO,10.48550/arXiv.2606.10011,
2622308.8,,s,g,18.44,0.0318,mag,n,n,AB,1,n,IOO,IOO,10.48550/arXiv.2606.10011,
2636651.2,,s,i,17.56,0.0117,mag,n,n,AB,1,n,LSST,LSST,10.48550/arXiv.2606.10011,
2636910.4,,s,u,20.52,0.022,mag,n,n,AB,1,n,LSST,LSST,10.48550/arXiv.2606.10011,
2636910.4,,s,u,20.47,0.022,mag,n,n,AB,1,n,LSST,LSST,10.48550/arXiv.2606.10011,
2659201.6,,s,g,18.58,0.1318,mag,n,n,AB,1,n,ZTF,ZTF,10.48550/arXiv.2606.10011,
2727803.2,,s,r,17.57,0.0117,mag,n,n,AB,1,n,LSST,LSST,10.48550/arXiv.2606.10011,
2882200.0,,s,r,17.68,0.0317,mag,n,n,AB,1,n,IOO,IOO,10.48550/arXiv.2606.10011,
2882286.4,,s,i,17.75,0.0517,mag,n,n,AB,1,n,IOO,IOO,10.48550/arXiv.2606.10011,
2882372.8,,s,z,17.63,0.0517,mag,n,n,AB,1,n,IOO,IOO,10.48550/arXiv.2606.10011,
2882545.6,,s,g,18.66,0.0518,mag,n,n,AB,1,n,IOO,IOO,10.48550/arXiv.2606.10011,
2907428.8,,s,i,17.6,0.0317,mag,n,n,AB,1,n,ZTF,ZTF,10.48550/arXiv.2606.10011,
2917364.8,,s,g,18.99,0.2618,mag,n,n,AB,1,n,SEDM,SEDM,10.48550/arXiv.2606.10011,
2917537.6,,s,r,17.62,0.0417,mag,n,n,AB,1,n,SEDM,SEDM,10.48550/arXiv.2606.10011,
2917710.4,,s,i,17.54,0.0417,mag,n,n,AB,1,n,SEDM,SEDM,10.48550/arXiv.2606.10011,
2995816.0,,s,g,18.91,0.1618,mag,n,n,AB,1,n,ZTF,ZTF,10.48550/arXiv.2606.10011,
2998321.6,,s,r,17.84,0.0717,mag,n,n,AB,1,n,ZTF,ZTF,10.48550/arXiv.2606.10011,
3341329.6,,s,i,17.91,0.0517,mag,n,n,AB,1,n,ZTF,ZTF,10.48550/arXiv.2606.10011,
3425137.6,,s,g,19.11,0.0519,mag,n,n,AB,1,n,SEDM,SEDM,10.48550/arXiv.2606.10011,
3425483.2,,s,r,17.86,0.0417,mag,n,n,AB,1,n,SEDM,SEDM,10.48550/arXiv.2606.10011,
3425828.8,,s,i,17.76,0.0517,mag,n,n,AB,1,n,SEDM,SEDM,10.48550/arXiv.2606.10011,
3426520.0,,s,i,17.93,0.0917,mag,n,n,AB,1,n,ZTF,ZTF,10.48550/arXiv.2606.10011,
3435678.4,,s,r,17.98,0.1317,mag,n,n,AB,1,n,ZTF,ZTF,10.48550/arXiv.2606.10011,
3435678.4,,s,r,18.12,0.0918,mag,n,n,AB,1,n,ZTF,ZTF,10.48550/arXiv.2606.10011,
3599579.2,,s,g,19.14,0.1019,mag,n,n,AB,1,n,ZTF,ZTF,10.48550/arXiv.2606.10011,
3608046.4,,s,r,18.02,0.1218,mag,n,n,AB,1,n,ZTF,ZTF,10.48550/arXiv.2606.10011,
3685547.2,,s,g,19.11,0.1219,mag,n,n,AB,1,n,ZTF,ZTF,10.48550/arXiv.2606.10011,
3745854.4,,s,r,18.12,0.0418,mag,n,n,AB,1,n,IOO,IOO,10.48550/arXiv.2606.10011,
3745940.8,,s,i,18.16,0.0918,mag,n,n,AB,1,n,IOO,IOO,10.48550/arXiv.2606.10011,
3746113.6,,s,z,17.73,0.0917,mag,n,n,AB,1,n,IOO,IOO,10.48550/arXiv.2606.10011,
3746200.0,,s,g,19.04,0.0419,mag,n,n,AB,1,n,IOO,IOO,10.48550/arXiv.2606.10011,
4030801.6,,s,i,18.28,0.0918,mag,n,n,AB,1,n,ZTF,ZTF,10.48550/arXiv.2606.10011,
4034344.0,,s,r,18.15,0.0818,mag,n,n,AB,1,n,ZTF,ZTF,10.48550/arXiv.2606.10011,
4038750.4,,s,g,19.27,0.1619,mag,n,n,AB,1,n,ZTF,ZTF,10.48550/arXiv.2606.10011,
4117892.8,,s,r,18.22,0.0918,mag,n,n,AB,1,n,ZTF,ZTF,10.48550/arXiv.2606.10011,
4119793.6,,s,g,19.36,0.1619,mag,n,n,AB,1,n,ZTF,ZTF,10.48550/arXiv.2606.10011,
4291816.0,,s,r,18.31,0.0718,mag,n,n,AB,1,n,ZTF,ZTF,10.48550/arXiv.2606.10011,
